user_pseudo_id,user_first_engagement,user_last_engagement,month,julianday,dayofweek,ts_24hr_after_first_engagement,churned,bounced
7A920F1813471AC79FD7F7677A56BA75,1.53627E+15,1.53792E+15,9,249,5,1.53636E+15,0,0
011A541DBC3D5ADB8450B051AC69A304,1.5291E+15,1.53823E+15,6,166,6,1.52919E+15,0,0
264749B887AA92394A2F4E449D16A9F6,1.53741E+15,1.53771E+15,9,263,5,1.5375E+15,0,0
3875A92B5F5C2BBA1355CED06A986079,1.52932E+15,1.53863E+15,6,169,2,1.5294E+15,0,0
47CEECC477E37BBFF85825843B6FEAB1,1.53763E+15,1.53775E+15,9,265,7,1.53772E+15,0,0
CB0FC6133C39392B5DE1AA13FCF272C6,1.53773E+15,1.53773E+15,9,266,1,1.53781E+15,1,1
9DCDA332E12E1ABACC2B034A1A4F3681,1.53771E+15,1.53793E+15,9,266,1,1.53779E+15,0,0
83C4BA9FE06C0365B44B758ACDB4212A,1.52933E+15,1.5381E+15,6,169,2,1.52941E+15,0,0
6D24F421B34B2CFDCF3A9983CF63D647,1.5288E+15,1.53789E+15,6,163,3,1.52889E+15,0,0
EFB696A82D093B3AFBE92FF526DD5CEA,1.53016E+15,1.53862E+15,6,179,5,1.53024E+15,0,0
9B1BD950B7CB412037FFA88C6A060762,1.53774E+15,1.53774E+15,9,266,1,1.53783E+15,1,0
64D4FF2E08079BEEF31850948C79C5BF,1.53713E+15,1.53771E+15,9,259,1,1.53721E+15,0,0
3AA6FAABA6A18AA2F8927EFF931DD736,1.53005E+15,1.53791E+15,6,177,3,1.53013E+15,0,0
986DB366660E95BE50BB464FD9666802,1.53008E+15,1.53769E+15,6,178,4,1.53017E+15,0,0
0055BAC9EFA78604AA7BD8D7E57041C1,1.53772E+15,1.53772E+15,9,266,1,1.5378E+15,1,1
5B84AA0BEF649F6BF43BC3D2014A311C,1.52902E+15,1.53772E+15,6,166,6,1.52911E+15,0,0
AFFCE36EB3E93A5383A1407B0CC41E4E,1.53687E+15,1.53831E+15,9,256,5,1.53696E+15,0,0
6D932377481D0477E3C4ED9EA79EE410,1.52884E+15,1.53808E+15,6,163,3,1.52892E+15,0,0
410456004F702B7F96B3B39BCC44051D,1.52888E+15,1.53804E+15,6,164,4,1.52897E+15,0,0
82072F48F4EF171AAA1D605D5E205F2A,1.53609E+15,1.53799E+15,9,247,3,1.53617E+15,0,0
58F1D3732E0E22B3D0491F96D0A63216,1.53705E+15,1.53773E+15,9,258,7,1.53714E+15,0,0
6EC263DBA95206A1A9EB55CD93F58FD2,1.529E+15,1.53863E+15,6,165,5,1.52909E+15,0,0
70E0EA911F160D917144A295DFF152EB,1.53758E+15,1.53776E+15,9,265,7,1.53767E+15,0,0
82B3DD7B6C7228C2A4757DBA3E4ACA7B,1.53772E+15,1.53772E+15,9,266,1,1.5378E+15,1,1
3FBB605D713B128EBF5A38DD845444EC,1.52935E+15,1.53841E+15,6,169,2,1.52944E+15,0,0
43A83473824B5860784FD7866EA79CE5,1.53747E+15,1.53786E+15,9,263,5,1.53756E+15,0,0
A79463D6757978B36380C173D1CA7B2E,1.53019E+15,1.538E+15,6,179,5,1.53028E+15,0,0
A7A23172C4418FA7E936DB668F34B2C8,1.53773E+15,1.53783E+15,9,266,1,1.53782E+15,0,0
0F93A84CB0774C5BAB3E5FF8A72A694D,1.52913E+15,1.53795E+15,6,167,7,1.52922E+15,0,0
D09FF4F523DC97E4F53E6E36E027DE25,1.53754E+15,1.53798E+15,9,264,6,1.53762E+15,0,0
825D36CBE9A65B6D3BBFACE4C8C3EE60,1.52885E+15,1.53842E+15,6,164,4,1.52894E+15,0,0
8A1F255061DE6AFBDE0F9FE5226DCACA,1.53568E+15,1.53845E+15,8,243,6,1.53576E+15,0,0
20706003A6373C55EC3CA4AA47F332A3,1.52881E+15,1.53807E+15,6,163,3,1.5289E+15,0,0
A21BEEF0A0B3843E47D16D66A50B5834,1.53003E+15,1.53776E+15,6,177,3,1.53011E+15,0,0
A62424E95312543638F87F758E50E927,1.53728E+15,1.53785E+15,9,261,3,1.53737E+15,0,0
77099BD712737184D5C0207CE80BB64B,1.52884E+15,1.53776E+15,6,163,3,1.52893E+15,0,0
E3D819116CCA3A67FC79FDB85F4CFCDA,1.53773E+15,1.53773E+15,9,266,1,1.53781E+15,1,1
0ADCAB98C7686603278BCDD71FE16CC8,1.53639E+15,1.53822E+15,9,251,7,1.53648E+15,0,0
68D40373F4BC1FDD9BD02B56526D9D7B,1.53588E+15,1.53776E+15,9,245,1,1.53596E+15,0,0
F2D0450D7EAE6470C9C41096A9E34EDA,1.53001E+15,1.53806E+15,6,177,3,1.5301E+15,0,0
7EDFFF7CB9DB49F6C61708EEBA33A32D,1.53764E+15,1.53773E+15,9,265,7,1.53773E+15,0,0
E0664E9E7883956A6E3084FD68AA274B,1.53386E+15,1.53861E+15,8,222,6,1.53395E+15,0,0
B529E84EE03C578C7E92CE5836AB1C1D,1.53423E+15,1.53855E+15,8,226,3,1.53432E+15,0,0
D81B31D7F4951BB0641F45775A13A295,1.53775E+15,1.53776E+15,9,267,2,1.53784E+15,1,0
2BEA707B03705B0CB54A23D237DEE416,1.52893E+15,1.53775E+15,6,164,4,1.52902E+15,0,0
C5AD1A3C5BA7749BBA184BC5138E6090,1.53772E+15,1.53802E+15,9,266,1,1.53781E+15,0,0
C2D17D9066EE1EB9FAE1C8A521BFD4E5,1.52997E+15,1.53837E+15,6,177,3,1.53006E+15,0,0
A4DB05FC8E2542E121D371E0DF84D395,1.53594E+15,1.53798E+15,9,246,2,1.53603E+15,0,0
6D544296013D3F7E5FF708DFE81C3C18,1.52901E+15,1.53824E+15,6,165,5,1.5291E+15,0,0
8CFCCD1BCABB1E4C2B70E374EAD03092,1.53592E+15,1.53842E+15,9,245,1,1.53601E+15,0,0
CAC4EB6A7DC80207923995F4BE2129DF,1.53604E+15,1.5381E+15,9,247,3,1.53613E+15,0,0
C13987810D859EC3869A5D43C4A7D65A,1.53773E+15,1.5381E+15,9,266,1,1.53782E+15,0,0
205AE83B43BB3A54E25E55E605AF6431,1.52942E+15,1.53845E+15,6,170,3,1.52951E+15,0,0
D92207F94EBE0D87E706A5EBD864C614,1.53587E+15,1.5377E+15,9,245,1,1.53596E+15,0,0
BBA117EBB63C7CC6E3C9D836C4CE16F7,1.53632E+15,1.53777E+15,9,250,6,1.53641E+15,0,0
2CA82928A35949DF7775D4BC04F0AEA1,1.52881E+15,1.53862E+15,6,163,3,1.5289E+15,0,0
80DAC92E1CDE9C7177BB9B381AFDA762,1.53776E+15,1.53776E+15,9,267,2,1.53785E+15,1,1
FB038B1647754ED4E3E7CFEABFC553A4,1.53589E+15,1.53807E+15,9,245,1,1.53598E+15,0,0
E2DA3DCB59050A788451A4B3B46D5CFD,1.53752E+15,1.53814E+15,9,264,6,1.53761E+15,0,0
65175A0DA6D62548FE0037143B3520A1,1.53775E+15,1.53775E+15,9,267,2,1.53784E+15,1,1
8EB3C2F40C6D10BC745C93F1C883A965,1.53772E+15,1.53772E+15,9,266,1,1.53781E+15,1,1
E51887B217C34C4D0D506DBE259465B5,1.53659E+15,1.53807E+15,9,253,2,1.53668E+15,0,0
4FFA814A95FD613EBEC9BBE7D36F9A2E,1.53733E+15,1.53806E+15,9,262,4,1.53742E+15,0,0
69599C9ED33015D6A6AEE16414074147,1.53609E+15,1.53816E+15,9,247,3,1.53617E+15,0,0
3307DD0AEFB45F2AFEE766A57E2EC357,1.53772E+15,1.53808E+15,9,266,1,1.5378E+15,0,0
56B9CBB6CB58106DCCF3CAD660232CB2,1.52904E+15,1.53863E+15,6,166,6,1.52912E+15,0,0
06984AB55E6069C42FE61F3510F1522B,1.52882E+15,1.53474E+15,6,163,3,1.5289E+15,0,0
094CDCB8EF23B9B55134A0B5E22DFFCB,1.5304E+15,1.5385E+15,6,181,7,1.53048E+15,0,0
2CC293EDCBFA2822994DAFA833FD8B29,1.53111E+15,1.53111E+15,7,190,2,1.5312E+15,1,1
22430BD1EDFC8E2E980313F10148A53E,1.53029E+15,1.53185E+15,6,180,6,1.53038E+15,0,0
29845B6298FB882DF53607D21F0E1DF7,1.52899E+15,1.53141E+15,6,165,5,1.52908E+15,0,0
0CF1172485E8FC12110F04AB2374B308,1.52935E+15,1.53863E+15,6,169,2,1.52944E+15,0,0
676BB63373E1F0AD33EE422E0D6D6184,1.53065E+15,1.53666E+15,7,184,3,1.53074E+15,0,0
017CF202552235BBA4338E0D82A53F43,1.53109E+15,1.53164E+15,7,189,1,1.53117E+15,0,0
D9A79CD45804EB82483DAB809D7B417C,1.53105E+15,1.53484E+15,7,189,1,1.53114E+15,0,0
43C40AF8F7472C4B0D6B024D4F588675,1.53109E+15,1.5315E+15,7,189,1,1.53118E+15,0,0
0CAAA1B6F161BA4D363EB7A2DEF64A08,1.52933E+15,1.53854E+15,6,169,2,1.52942E+15,0,0
7BC2E09691451A9FE614E109A0B4FEBE,1.53111E+15,1.53111E+15,7,190,2,1.5312E+15,1,1
1213ED1E96B0A49B51C0F7683DB2ACCC,1.53033E+15,1.53835E+15,6,181,7,1.53041E+15,0,0
B63075B53A750A67A12F7F19ED5AA835,1.52933E+15,1.5386E+15,6,169,2,1.52941E+15,0,0
882CBB110104131AC6672434F3EC9FCC,1.53041E+15,1.53821E+15,7,182,1,1.5305E+15,0,0
4640585DB6878F93C3212012A2A03348,1.52894E+15,1.53705E+15,6,165,5,1.52903E+15,0,0
BB2FB1AD3F2BFFD7ABB35AE547918691,1.5296E+15,1.53148E+15,6,172,5,1.52969E+15,0,0
A0616D4E494DC3BCCB94B8B6E5B48380,1.52956E+15,1.53859E+15,6,172,5,1.52965E+15,0,0
159002C6F393752AD79B3C2E8C7104C7,1.53105E+15,1.53576E+15,7,189,1,1.53114E+15,0,0
AFFBFB5A561C0DEA5ACAA4D33BC483A5,1.53024E+15,1.53465E+15,6,180,6,1.53033E+15,0,0
B458770ED6E295374FEEB3A68902CC28,1.52967E+15,1.53861E+15,6,173,6,1.52976E+15,0,0
EF500E0CF578004836D1D38C8901862B,1.52939E+15,1.53863E+15,6,170,3,1.52948E+15,0,0
328DC7FE55E8881B2EA668C9A2855BB7,1.52963E+15,1.53844E+15,6,173,6,1.52972E+15,0,0
455A059D272F86B492CF87D2B0F40E27,1.53108E+15,1.53108E+15,7,189,1,1.53116E+15,1,0
94F6DC30FB534AD3F29E89620F53DAB7,1.53105E+15,1.53105E+15,7,189,1,1.53114E+15,1,1
17FF9462A5E84B6FCB1B718B3DD2D3EC,1.53107E+15,1.53107E+15,7,189,1,1.53115E+15,1,1
8DBD6ADC48F015EF2088ECB83F7CD107,1.53059E+15,1.53199E+15,7,184,3,1.53068E+15,0,0
4CCF27CD8F2C2F63611C74DFB71C3B8B,1.52881E+15,1.53108E+15,6,163,3,1.5289E+15,0,0
EF9C32CA65880162136061B25D24E05E,1.5312E+15,1.53123E+15,7,191,3,1.53129E+15,1,0
0FF2FC480E70693841DCBFBB240F2E24,1.53121E+15,1.53778E+15,7,191,3,1.53129E+15,0,0
945DE7C965AFB12E35C3C992CF9847E2,1.5312E+15,1.5371E+15,7,191,3,1.53128E+15,0,0
59483477E9365F4C9A834CD88B37BA41,1.53122E+15,1.53331E+15,7,191,3,1.53131E+15,0,0
FB9AD160115DC0E6F045BB654344287B,1.52955E+15,1.53807E+15,6,172,5,1.52964E+15,0,0
2DB65B29C41328FF8AB9AC27B7C05537,1.52961E+15,1.53661E+15,6,172,5,1.5297E+15,0,0
8E6F7A428C907165D78A2377ABEB7315,1.53117E+15,1.53256E+15,7,190,2,1.53126E+15,0,0
2F48607C41ECC4015FA296500F0A2C4B,1.52883E+15,1.53566E+15,6,163,3,1.52892E+15,0,0
1235BA39F8C700F0529EC1A33470BF0C,1.52889E+15,1.53379E+15,6,164,4,1.52898E+15,0,0
BC52B9AFFA3C0A471D06D90400771809,1.53125E+15,1.53248E+15,7,191,3,1.53133E+15,0,0
84D135997D8A4D9CB35D4ECA46EF6861,1.52976E+15,1.53185E+15,6,174,7,1.52985E+15,0,0
0A0A977572E0A1355CCC54EB04360606,1.53121E+15,1.53127E+15,7,191,3,1.53129E+15,1,0
83E66F1BEAC2F5ACD6ADC1DC56CD1EFD,1.52928E+15,1.53749E+15,6,169,2,1.52937E+15,0,0
47D860764E077EF0B2913BE5CAF90680,1.53122E+15,1.53123E+15,7,191,3,1.53131E+15,1,0
DAC3C60A9BB7734F83F0C7478185AC4C,1.53129E+15,1.53181E+15,7,192,4,1.53137E+15,0,0
A37E328CF1E796D9004CC04DA0174D49,1.53127E+15,1.53127E+15,7,192,4,1.53136E+15,1,1
2BBBB993FCB4A3A3C59D2537202CA402,1.53125E+15,1.53273E+15,7,191,3,1.53133E+15,0,0
1E5B0F76F3E253BB03C2BBE25E3B9BF6,1.53126E+15,1.53183E+15,7,191,3,1.53134E+15,0,0
8252847DECB3C31CAB9BDEE566F97BA2,1.53123E+15,1.53857E+15,7,191,3,1.53132E+15,0,0
74375465CD17299EBC7C75A1B4047EE0,1.52888E+15,1.53863E+15,6,164,4,1.52897E+15,0,0
7B6BE2A3601A027FD74E71ADC49E4D38,1.53028E+15,1.53197E+15,6,180,6,1.53037E+15,0,0
A74C05E503F6274BAA9457B2265471F5,1.52932E+15,1.53861E+15,6,169,2,1.5294E+15,0,0
D7D1BA6ED11F3F862998ED8B8DB94249,1.53005E+15,1.5385E+15,6,177,3,1.53014E+15,0,0
573882302F3B51695FD01C01316919C9,1.52979E+15,1.53123E+15,6,174,7,1.52987E+15,0,0
96488267CA359B62E02C184468748FFD,1.53063E+15,1.53824E+15,7,184,3,1.53071E+15,0,0
F0FE3E7D8F5EF494C7D34AECB8D27951,1.52978E+15,1.53844E+15,6,174,7,1.52986E+15,0,0
3FC8ECFC8F2976C5B56D0D782F36BD7F,1.52965E+15,1.53855E+15,6,173,6,1.52974E+15,0,0
969928EC33029CB2E91CE4B9BA96728D,1.52907E+15,1.53805E+15,6,166,6,1.52916E+15,0,0
377303AA2F5C5C80E5AAAD26C029BD5A,1.5298E+15,1.53833E+15,6,175,1,1.52989E+15,0,0
918E01DFDCFA209B176CCF3C07EDB3C5,1.53126E+15,1.53809E+15,7,191,3,1.53135E+15,0,0
1857669A1D474842D10E74B20FDA20CB,1.53003E+15,1.53816E+15,6,177,3,1.53012E+15,0,0
091F09F594F7507A1D6D34D006A49CD9,1.52952E+15,1.53859E+15,6,171,4,1.52961E+15,0,0
7680F936107E7650F57D261F4018CE7A,1.52894E+15,1.53848E+15,6,165,5,1.52902E+15,0,0
0D9DE32D08364277A3406C8107F5763F,1.5296E+15,1.53711E+15,6,172,5,1.52968E+15,0,0
81F5705397CE9F0236B2B672AE113154,1.52964E+15,1.53857E+15,6,173,6,1.52973E+15,0,0
75120F32A68A6C4FB643349E125D8C31,1.5312E+15,1.53863E+15,7,191,3,1.53129E+15,0,0
6F6CBC414BAA987475A1F0B41D3C9315,1.5309E+15,1.53826E+15,7,187,6,1.53099E+15,0,0
525E3BEE74AD824923CC04FE45E45B40,1.5292E+15,1.53737E+15,6,168,1,1.52928E+15,0,0
0A8B3658EFEEE8A30763ED36A4152C4B,1.52948E+15,1.53194E+15,6,171,4,1.52957E+15,0,0
2101B6BB8F2636384612521D6A10A55B,1.53162E+15,1.53244E+15,7,196,1,1.5317E+15,0,0
86C65934EDF946EBA8153BF74F0D55CE,1.53017E+15,1.53306E+15,6,179,5,1.53026E+15,0,0
58230465C695B0FDDDAE08A481FAEECC,1.52952E+15,1.53584E+15,6,171,4,1.52961E+15,0,0
476409D7DFD0B2B2B0AB11E5F6D7DDBE,1.53178E+15,1.5335E+15,7,197,2,1.53187E+15,0,0
10DD4C2B3060AB868E928AA66B81E459,1.52956E+15,1.5369E+15,6,172,5,1.52964E+15,0,0
F0C98C1580B5B85E36A5605149A40CE7,1.53195E+15,1.5348E+15,7,199,4,1.53204E+15,0,0
667A8D0FDB2FA1BA819DAB6C0F5C7BC4,1.52904E+15,1.53836E+15,6,166,6,1.52912E+15,0,0
85C63B84706E6DD9752813675F9FB5F8,1.53114E+15,1.53847E+15,7,190,2,1.53123E+15,0,0
EE5D2D867D973763D36332DB66500429,1.53191E+15,1.53191E+15,7,199,4,1.532E+15,1,1
19A52401D23AE9E42A176C6ED9AA5F08,1.53165E+15,1.53529E+15,7,196,1,1.53173E+15,0,0
8601A3659DC5C1F0444E5CCDA5ED3E14,1.53197E+15,1.53417E+15,7,200,5,1.53206E+15,0,0
EF5027132DCDB94B2406560CAF7A5938,1.53177E+15,1.53293E+15,7,197,2,1.53185E+15,0,0
E0CE2CA5D2D361E064F990D370644897,1.53036E+15,1.53652E+15,6,181,7,1.53045E+15,0,0
D4710B794E9AAB607825E5F6B44D60E0,1.53194E+15,1.53194E+15,7,199,4,1.53203E+15,1,1
7AA6572327B5C45D273CCD8868760033,1.52945E+15,1.53853E+15,6,170,3,1.52954E+15,0,0
885F80003700BFD26A67A63A5EF1897E,1.53194E+15,1.53486E+15,7,199,4,1.53203E+15,0,0
E19F04BAB15FBA761833F71BCF5D97D3,1.53189E+15,1.53853E+15,7,199,4,1.53197E+15,0,0
527BB449926BA5B088526A264FD49312,1.53191E+15,1.53852E+15,7,199,4,1.532E+15,0,0
68F0F274679E4F4B4059C60DDAA5A3D4,1.53192E+15,1.53192E+15,7,199,4,1.53201E+15,1,1
901BFDA2B9D8339917ABD9785B4EC499,1.53097E+15,1.53193E+15,7,188,7,1.53106E+15,0,0
8A967B0EBC5488B83E64805029677B66,1.53032E+15,1.53567E+15,6,181,7,1.53041E+15,0,0
B7603B7B3324056CAF6E576ED8EE284D,1.52954E+15,1.53858E+15,6,171,4,1.52962E+15,0,0
8D0E7EBF4DB95170907FDF54CCB166C8,1.53191E+15,1.53196E+15,7,199,4,1.532E+15,1,0
678F34DADB6195EC745FBD1FE5397F49,1.53192E+15,1.53237E+15,7,199,4,1.53201E+15,0,0
53A0BD3DCF2B401EDB8A810C0E162BD0,1.53779E+15,1.53782E+15,9,267,2,1.53788E+15,1,0
7657E94F33F780A1D896FBC9237E5ECC,1.53638E+15,1.53779E+15,9,251,7,1.53647E+15,0,0
414C0660ADA40317EB4FDBAE82F9E2C0,1.53785E+15,1.53785E+15,9,268,3,1.53794E+15,1,1
D868E09F1EB467A324D16D75D6676C59,1.53683E+15,1.53777E+15,9,256,5,1.53691E+15,0,0
D81B390EB1BB12AB50085C9675367308,1.53217E+15,1.53778E+15,7,202,7,1.53225E+15,0,0
6351849D04432F45F92C7ACAF872311E,1.53785E+15,1.53785E+15,9,268,3,1.53794E+15,1,0
1B0A7015D4B14DB345B1B9BC0A18C74E,1.53627E+15,1.53779E+15,9,249,5,1.53636E+15,0,0
D4F52F2C7C2482724A6FCCF02E1AF71D,1.53592E+15,1.53796E+15,9,245,1,1.536E+15,0,0
E98AFA6BD0908A7BDF0FE75396B204DD,1.53612E+15,1.53808E+15,9,248,4,1.5362E+15,0,0
3C6A83811DD50E0CFDBD876259FA6D6E,1.53029E+15,1.53861E+15,6,180,6,1.53037E+15,0,0
96A03AA83F8776AF09E7B49BABF81879,1.53783E+15,1.53784E+15,9,267,2,1.53791E+15,1,0
BB4B7F8EB20FC2E38E2891C3052E7229,1.53321E+15,1.53778E+15,8,214,5,1.5333E+15,0,0
D87680443BED6AFC4AA7528AD8C2861F,1.53612E+15,1.53784E+15,9,248,4,1.5362E+15,0,0
1EAD8B59DEC54D9202E7A3C58BF31A84,1.53778E+15,1.53784E+15,9,267,2,1.53787E+15,1,0
14B3164775DC217E7AC2C1BD7D250D96,1.53704E+15,1.53779E+15,9,258,7,1.53713E+15,0,0
AAE2720308968F966BD0B71D8DCE155F,1.53553E+15,1.53778E+15,8,241,4,1.53562E+15,0,0
1C6029D529C732F7269DA4DD944C8299,1.53605E+15,1.53792E+15,9,247,3,1.53613E+15,0,0
D42E14385EA632BF749E328A201A3AE8,1.53642E+15,1.5378E+15,9,251,7,1.53651E+15,0,0
62402042F391117D481A9A618E54F84A,1.53605E+15,1.5381E+15,9,247,3,1.53614E+15,0,0
12D0BA417960F6B9626AD99F9FE08698,1.53781E+15,1.53782E+15,9,267,2,1.5379E+15,1,1
84BC924884C30AA5B75B2E9E30B467DD,1.53024E+15,1.53778E+15,6,180,6,1.53032E+15,0,0
DC9A698C551E9FF66065E9691E39AED9,1.53023E+15,1.5378E+15,6,179,5,1.53032E+15,0,0
C702A94AE6135C60D6C85868A0FD62CE,1.53781E+15,1.53782E+15,9,267,2,1.5379E+15,1,0
EE502024B7AC261CE1956BB599E020DE,1.52952E+15,1.53781E+15,6,171,4,1.52961E+15,0,0
3BF1D92C836CBAFACDD2063848BAB11C,1.52937E+15,1.53852E+15,6,170,3,1.52945E+15,0,0
65A948524500925FA194751A896C2BFF,1.53616E+15,1.53796E+15,9,248,4,1.53625E+15,0,0
F0B84ECACD578E9B52D68AA288A5F2ED,1.52937E+15,1.5382E+15,6,170,3,1.52946E+15,0,0
FFEA50946B05E06965B60AC102E525A9,1.53778E+15,1.53778E+15,9,267,2,1.53787E+15,1,1
88874FDE50373C3FF63C6F7D53A49F72,1.53765E+15,1.53781E+15,9,265,7,1.53774E+15,0,0
281FF6147F6514F19DE8AD2184367931,1.53778E+15,1.53778E+15,9,267,2,1.53787E+15,1,1
383F4B98EC31DD2A915427D36A30354E,1.53343E+15,1.53443E+15,8,217,1,1.53352E+15,0,0
B56E67847E1AE8D6411A5ECCA26585CA,1.52952E+15,1.53617E+15,6,171,4,1.52961E+15,0,0
307AC87B6D76A6A1A19AC2B11E3FA4B5,1.53229E+15,1.53688E+15,7,203,1,1.53238E+15,0,0
A232A112349100CF520C1B717217EA99,1.53359E+15,1.53359E+15,8,218,2,1.53368E+15,1,1
53866E32BA0ABFD846772D4B7B9B5921,1.52947E+15,1.53744E+15,6,171,4,1.52956E+15,0,0
F34FF1C9F0C022B684BC885BA1DDC260,1.52979E+15,1.5349E+15,6,174,7,1.52988E+15,0,0
F81A7FACD9640F8169D8DE2E27D217E6,1.53361E+15,1.53404E+15,8,219,3,1.5337E+15,0,0
AC9D89E3BDB817820038E7F90473DC92,1.53354E+15,1.53354E+15,8,218,2,1.53363E+15,1,1
6A07135DA41B81E278341576A26672E4,1.52944E+15,1.53694E+15,6,170,3,1.52953E+15,0,0
2B7787A34C362AA51FF8E4DD031A2F70,1.52962E+15,1.53493E+15,6,172,5,1.52971E+15,0,0
C1B7E16784DF6CD853196012A73363A5,1.53358E+15,1.53358E+15,8,218,2,1.53366E+15,1,1
DAD51A0036641CE0E22A8241FA05151F,1.53216E+15,1.53515E+15,7,202,7,1.53224E+15,0,0
71F005E58FCF825DFF3DFBC29FC806F1,1.5336E+15,1.5336E+15,8,219,3,1.53369E+15,1,0
C1327B694B124442335CFFD6FD3B15EC,1.53033E+15,1.53855E+15,6,181,7,1.53042E+15,0,0
0E9E1584FC0E8338E89AFC40ADA27075,1.53357E+15,1.53357E+15,8,218,2,1.53366E+15,1,0
4896DF08BAF68522FA05E3669EDD4528,1.53357E+15,1.53357E+15,8,218,2,1.53366E+15,1,1
13D063D09F0C2D7EE332794399C3CF29,1.5336E+15,1.5336E+15,8,218,2,1.53369E+15,1,1
1FEB41A72F244D352EA79982CC259EA0,1.5336E+15,1.53534E+15,8,218,2,1.53368E+15,0,0
96B6D639BF5D2D99108B15A023F86CE0,1.53283E+15,1.53465E+15,7,210,1,1.53292E+15,0,0
3A5D4B43580D9631A7F35A64181A35C5,1.53355E+15,1.53355E+15,8,218,2,1.53363E+15,1,1
C7D0D209383F232092E47A1655F5B907,1.53359E+15,1.53859E+15,8,218,2,1.53367E+15,0,0
5885B9A6C2FBB71AB1304B9EDB330B76,1.52934E+15,1.53249E+15,6,169,2,1.52942E+15,0,0
EA9A16D9042286D55399A418CC7A28F3,1.52938E+15,1.53528E+15,6,170,3,1.52947E+15,0,0
B39508DE024AF1249C3E23FA7C25C688,1.53162E+15,1.5328E+15,7,196,1,1.5317E+15,0,0
508D2C437A3BAB2A77F63442D34F5B56,1.53229E+15,1.53236E+15,7,203,1,1.53238E+15,1,0
648F91A3D0D868FC410FC4614FF11811,1.53238E+15,1.53473E+15,7,204,2,1.53246E+15,0,0
25C9CB31F95DE1D6C42967DCBC214FAA,1.52975E+15,1.5324E+15,6,174,7,1.52984E+15,0,0
0F1BF0E64772D0D00359FD7A4997D067,1.53234E+15,1.53312E+15,7,204,2,1.53243E+15,0,0
BD287DF0DA921DF254E7870C080AFDC9,1.53202E+15,1.53236E+15,7,200,5,1.5321E+15,0,0
6DAF0604F8AE54374593DBB13DD2BFD6,1.53142E+15,1.53237E+15,7,193,5,1.53151E+15,0,0
25D0E6C77B170FE82258520015446DF4,1.53217E+15,1.53857E+15,7,202,7,1.53226E+15,0,0
D8B79A3AB27973BC407FC6915A541F39,1.53235E+15,1.53235E+15,7,204,2,1.53244E+15,1,1
E80EDF19F51936BCA274598F69966232,1.53096E+15,1.53235E+15,7,188,7,1.53105E+15,0,0
8DB8FE3605D453D5AD95C7FDA55C0342,1.53234E+15,1.53278E+15,7,204,2,1.53243E+15,0,0
29DF381770B222F7B38816A88E616A34,1.53236E+15,1.53525E+15,7,204,2,1.53245E+15,0,0
BADA0C1C530C5E73C809DB73F7ACEAF7,1.52936E+15,1.53842E+15,6,169,2,1.52945E+15,0,0
BDC16D851454F53FB1574E4478D934B8,1.52955E+15,1.53582E+15,6,172,5,1.52964E+15,0,0
3E56C19EB2A17FE7AA5910783B20C8B1,1.52953E+15,1.53848E+15,6,171,4,1.52962E+15,0,0
7CB4F979C9025D90BBBA34B3F3BF80C4,1.5295E+15,1.53834E+15,6,171,4,1.52959E+15,0,0
5E37CDFE6C71822E33DA39DD2F7CA979,1.52942E+15,1.52958E+15,6,170,3,1.52951E+15,0,0
24A9E967E4B9B7E993F2D8D51A470A24,1.52912E+15,1.53099E+15,6,167,7,1.52921E+15,0,0
C5C093F851FF7398EB6BCC9D1815169F,1.52956E+15,1.52956E+15,6,172,5,1.52965E+15,1,1
5FD7F0AF867C33B937403C93158D2150,1.5294E+15,1.52949E+15,6,170,3,1.52948E+15,0,0
DAB972641CDD57B498702CA343A4ABCF,1.52952E+15,1.52952E+15,6,171,4,1.5296E+15,1,1
D9C344775C0C1493EE8C62C892C432CE,1.52949E+15,1.53075E+15,6,171,4,1.52958E+15,0,0
8D593D833A2284A5FF384D671BBF8AEF,1.52955E+15,1.53228E+15,6,172,5,1.52964E+15,0,0
D1833630D8651D4489E046EE90FB602F,1.52953E+15,1.52953E+15,6,171,4,1.52962E+15,1,1
22D92FEEDDFE169270DE4F6F15456EB3,1.52954E+15,1.5328E+15,6,171,4,1.52963E+15,0,0
9F7B0D1BFB822F5E26E91E184E2E437C,1.52891E+15,1.53718E+15,6,164,4,1.529E+15,0,0
D69EBD56ECD257924A112BA6FDB75D27,1.53324E+15,1.53324E+15,8,214,5,1.53333E+15,1,1
C4C728AE4A5934D17B42A6A2710CEC93,1.53317E+15,1.53327E+15,8,214,5,1.53326E+15,0,0
1E5CC68337B90808C1B538646D424F1D,1.52901E+15,1.53325E+15,6,165,5,1.5291E+15,0,0
F94E005EB49AFB8DA0A78030D4ABB44B,1.5303E+15,1.53834E+15,6,180,6,1.53039E+15,0,0
933F5A31F74100D9514B2E9EB0327871,1.53324E+15,1.53324E+15,8,214,5,1.53332E+15,1,1
D302FFE84575B7160B211908B8BCEFB3,1.52958E+15,1.5383E+15,6,172,5,1.52967E+15,0,0
AD060A053B6283E85D30E63A00FC6233,1.53326E+15,1.53326E+15,8,215,6,1.53335E+15,1,1
189090032544C8B0BCF7E009A7F6C826,1.53321E+15,1.53326E+15,8,214,5,1.53329E+15,1,0
F3CEB16AAAD2F63C31AAD8617261FA78,1.53321E+15,1.53321E+15,8,214,5,1.53329E+15,1,1
9C103E62DF217934BB0DEFFD9A7F7413,1.53162E+15,1.53508E+15,7,196,1,1.53171E+15,0,0
59F7481BD5E3924C51CE5F64A08B8F4C,1.53001E+15,1.53364E+15,6,177,3,1.5301E+15,0,0
C584D8F6E0BD0CD6B93B70D964F73AAC,1.5323E+15,1.53455E+15,7,203,1,1.53238E+15,0,0
03C785126C8E65CF455DFF3C671E5DC0,1.52899E+15,1.53323E+15,6,165,5,1.52907E+15,0,0
597DA78102EE478A9EFA5810F6EA62AA,1.52972E+15,1.53387E+15,6,174,7,1.5298E+15,0,0
BFA94573FD9B684FC91E4B0CE3551B8B,1.52976E+15,1.5367E+15,6,174,7,1.52985E+15,0,0
9BF56DEE5166364944BDF61ED31E6F30,1.52895E+15,1.53439E+15,6,165,5,1.52904E+15,0,0
8EC25BFD4E8CB157030F3692FCAFA8FB,1.53324E+15,1.53324E+15,8,214,5,1.53332E+15,1,0
3F1D1603DF714929E1563C9C815D1E83,1.52943E+15,1.5337E+15,6,170,3,1.52952E+15,0,0
ECB85C458DBA7656D2B30C51AA590F13,1.53188E+15,1.53822E+15,7,199,4,1.53197E+15,0,0
BA68AFBA94C53DA2DE67AA683078AD2A,1.5332E+15,1.5332E+15,8,214,5,1.53328E+15,1,1
4CD6E6848238D6716BD7117EB4927654,1.5288E+15,1.53284E+15,6,163,3,1.52888E+15,0,0
12D7DD0DEC19CEB4AD08504B706500E9,1.52881E+15,1.52881E+15,6,163,3,1.52889E+15,1,1
82D556A8003F97B39A2D2E8E5520F9B6,1.52886E+15,1.53469E+15,6,164,4,1.52895E+15,0,0
49BD785C88E96F48F60CC3E2227804B6,1.52883E+15,1.529E+15,6,163,3,1.52891E+15,0,0
3EF0C437082525266C571DC4B07793C3,1.52885E+15,1.52885E+15,6,163,3,1.52893E+15,1,1
0F1009703CB795A3FD6480DD4B5E8DF1,1.52887E+15,1.52887E+15,6,164,4,1.52895E+15,1,1
706E2A4CBFDE3788B16DCEAFAAF817E9,1.52887E+15,1.53595E+15,6,164,4,1.52896E+15,0,0
8509C4405CF895E0D92FC0BE5E31DEA0,1.52884E+15,1.53046E+15,6,163,3,1.52893E+15,0,0
74B49013F0767214A7295FBDD286206E,1.52885E+15,1.52885E+15,6,164,4,1.52894E+15,1,0
3200635A72EA1831553811F9813B2E11,1.52884E+15,1.52884E+15,6,163,3,1.52893E+15,1,1
89EEBBA85B277A06846A6F3164F45CFB,1.52883E+15,1.52883E+15,6,163,3,1.52892E+15,1,1
30DA335301915FFBD0A384553805EA15,1.52883E+15,1.53837E+15,6,163,3,1.52891E+15,0,0
0E853AAD79400923D81817403C63B208,1.5288E+15,1.53661E+15,6,163,3,1.52889E+15,0,0
0279BD85D93903BCE04F1E0EE1FF4458,1.52884E+15,1.52884E+15,6,163,3,1.52892E+15,1,1
5ED8424DACCF2E0BF27B9A8AF57FC9F0,1.52885E+15,1.52918E+15,6,163,3,1.52893E+15,0,0
4734F43D10B29776250D11D9D71FDDE9,1.52882E+15,1.53704E+15,6,163,3,1.52891E+15,0,0
5744618E3CEE5C4C9C85E1F77DEFC235,1.52881E+15,1.53797E+15,6,163,3,1.5289E+15,0,0
683EAFA4EC76871FDD9EA222BE7FAB95,1.52879E+15,1.52879E+15,6,163,3,1.52888E+15,1,1
4F5B101A84895C480667487CA7935377,1.5288E+15,1.5288E+15,6,163,3,1.52889E+15,1,1
885E82D6963162F569C26BB9D9B3AE28,1.52879E+15,1.538E+15,6,163,3,1.52888E+15,0,0
5F81E344DFFC124F7DD9D8856D8AA06D,1.52885E+15,1.52919E+15,6,164,4,1.52894E+15,0,0
3185273F953C7915CC1A931A8B45B662,1.5288E+15,1.52924E+15,6,163,3,1.52889E+15,0,0
2FCCD5109689374D6165655CA1E20334,1.52881E+15,1.5381E+15,6,163,3,1.5289E+15,0,0
9991CC7EB042978942427D80E003F2C5,1.52886E+15,1.52897E+15,6,164,4,1.52895E+15,0,0
2C4E3EC3CD3D736B6A29ABCDE4581426,1.52885E+15,1.53706E+15,6,163,3,1.52893E+15,0,0
D0E006B5E441969283C94713E308A11D,1.53376E+15,1.53489E+15,8,220,4,1.53385E+15,0,0
0AF67C1A1C8F3785609B4210C3E04FC8,1.53024E+15,1.53653E+15,6,180,6,1.53033E+15,0,0
61C8E7688D348754D9A8BF3BE1523927,1.52963E+15,1.53439E+15,6,173,6,1.52972E+15,0,0
3FFB1DF94D148994075041E8643DD788,1.53075E+15,1.53436E+15,7,185,4,1.53083E+15,0,0
1FA3F9F61E0DB13044507BE8DB79F10D,1.53415E+15,1.53639E+15,8,225,2,1.53424E+15,0,0
6332AC003B5A976911646CB9280ED1FD,1.5344E+15,1.53694E+15,8,228,5,1.53449E+15,0,0
2B708DD984888F5852F691361699D80B,1.53264E+15,1.5354E+15,7,207,5,1.53273E+15,0,0
C6D97C0D6DA580A6FDB44BB2C3015A85,1.53402E+15,1.53574E+15,8,223,7,1.5341E+15,0,0
1C9927831BAA7A0569130EADD6320C69,1.53437E+15,1.53452E+15,8,227,4,1.53445E+15,0,0
CBC2BCC2668EE8A9FB42FD1092C73423,1.5335E+15,1.53436E+15,8,217,1,1.53359E+15,0,0
818B7B94997904AAC3FAD9106425AF43,1.53437E+15,1.5348E+15,8,227,4,1.53446E+15,0,0
E080719BB47D2A7A842EDADDF82AB779,1.53337E+15,1.53827E+15,8,216,7,1.53346E+15,0,0
A8EA2C44E32D4A52C47EE6650F0B6B9F,1.53282E+15,1.53455E+15,7,209,7,1.5329E+15,0,0
94501F48A0A231D442FAE2DBA258FD18,1.53102E+15,1.53438E+15,7,189,1,1.53111E+15,0,0
73C04DD8207C972A09AAD26150EFBA84,1.53221E+15,1.53662E+15,7,202,7,1.53229E+15,0,0
22ED306F6D149A2663ABEADED234C8DC,1.53242E+15,1.53252E+15,7,205,3,1.5325E+15,0,0
DD923792212D7FB98EA909BDEBBC206C,1.53051E+15,1.53258E+15,7,183,2,1.53059E+15,0,0
D4C17FB366D05CA802A982A7770076CB,1.53249E+15,1.53251E+15,7,206,4,1.53257E+15,1,0
FAC17481C94D167FBBAF531DA0C6FAC9,1.5321E+15,1.53758E+15,7,201,6,1.53219E+15,0,0
E091F3A5063C9F69FC0796DFA0CC3E21,1.52962E+15,1.53255E+15,6,172,5,1.52971E+15,0,0
F1837BABA3EA2FF5EC073C140D23066E,1.53255E+15,1.53255E+15,7,206,4,1.53264E+15,1,1
4C36BFA4815653041AECFAE3AC23F60B,1.53253E+15,1.53835E+15,7,206,4,1.53261E+15,0,0
42D16741941358F36CA9F8DB906B907B,1.53258E+15,1.53491E+15,7,207,5,1.53266E+15,0,0
000A8B9167F5F9B7BF620708D320E32F,1.53256E+15,1.53256E+15,7,206,4,1.53264E+15,1,1
0A507AE0DB56197CB90D0FE9439EEC08,1.53705E+15,1.53705E+15,9,258,7,1.53714E+15,1,1
260F744C558B490AA7A98F05BB3E9E05,1.53706E+15,1.53706E+15,9,259,1,1.53715E+15,1,1
80AF6278725C25498814E11905BEF017,1.53703E+15,1.53707E+15,9,258,7,1.53712E+15,1,0
1C29FBDB9C4CC0CF27B819B487A91CB2,1.53702E+15,1.53702E+15,9,258,7,1.53711E+15,1,0
6194417FC6F7937D8EE0DE82668B5453,1.53703E+15,1.53703E+15,9,258,7,1.53711E+15,1,1
313AE0F9B2F9E0927B8B74CF1D99720C,1.53704E+15,1.53704E+15,9,258,7,1.53712E+15,1,1
1866BD899FA02FE251E4C765BA9C7512,1.53702E+15,1.53702E+15,9,258,7,1.5371E+15,1,1
465840BF70E61860BF7FE9B39E6AA989,1.53705E+15,1.53734E+15,9,258,7,1.53714E+15,0,0
2176E9F49CDFB093D1C95322D622BF07,1.53708E+15,1.53708E+15,9,259,1,1.53716E+15,1,1
71FABF98DF13052391676F3DE84BD628,1.53703E+15,1.53703E+15,9,258,7,1.53712E+15,1,1
6469F635FAF09649D3FDCA6E8955FDFB,1.52901E+15,1.53809E+15,6,165,5,1.5291E+15,0,0
74A3642D02642D82BFD83C268663E569,1.53706E+15,1.53706E+15,9,259,1,1.53714E+15,1,1
2140B2F99D166DB107C70A44749580F0,1.53702E+15,1.53702E+15,9,258,7,1.5371E+15,1,1
817349C5C28998337DC1F07477767F2E,1.53702E+15,1.53702E+15,9,258,7,1.5371E+15,1,1
07429BDC864F5AF7496EC5AB15D622C3,1.52907E+15,1.537E+15,6,166,6,1.52916E+15,0,0
6FE7CAE9A9A68657F641A1E873197B7E,1.53021E+15,1.53708E+15,6,179,5,1.5303E+15,0,0
684F90C168B16F3B6A7C0604555D8D18,1.5292E+15,1.53702E+15,6,168,1,1.52928E+15,0,0
68F0CE51EFAC839260CE54D08B97B8EC,1.53706E+15,1.53714E+15,9,259,1,1.53714E+15,1,0
287E54E8B78C6AD1B44D6A07EDD6D5EA,1.52929E+15,1.53707E+15,6,169,2,1.52938E+15,0,0
2E2D2B2639885CA789DDEB06EAF64B3F,1.53704E+15,1.53706E+15,9,258,7,1.53713E+15,1,0
50FC181B9C184533ED4870999CD99A60,1.53706E+15,1.53706E+15,9,259,1,1.53715E+15,1,1
79EA5E5E8B71D2108657A0EAF9526C37,1.53363E+15,1.53701E+15,8,219,3,1.53372E+15,0,0
6F1C09DFB69D4CA8B61065E9A7CFE12A,1.53702E+15,1.53806E+15,9,258,7,1.53711E+15,0,0
772FA77A888E21BA03492B789D70D44C,1.53705E+15,1.53808E+15,9,258,7,1.53714E+15,0,0
77A9D856AEF74B96BDFBE805E66DB4A9,1.53698E+15,1.53706E+15,9,258,7,1.53706E+15,1,0
951C483048D3CD18A7F27AC9C1B4DD0A,1.52999E+15,1.5386E+15,6,177,3,1.53008E+15,0,0
23771850B63C6DC34A8292F874616225,1.53631E+15,1.53702E+15,9,250,6,1.53639E+15,0,0
978DC1458838F4711A9F1AFDD94611F9,1.53001E+15,1.53792E+15,6,177,3,1.5301E+15,0,0
CA37F774EBF501D06CF14866877A2EA3,1.53787E+15,1.53787E+15,9,268,3,1.53795E+15,1,1
B2F5306E7AE65E6FA44BF49361F59A74,1.53787E+15,1.53788E+15,9,268,3,1.53796E+15,1,0
FACA9400A33297BBC5E72A568DE1286D,1.53786E+15,1.53786E+15,9,268,3,1.53795E+15,1,0
D621943131370A102FA24B981A929573,1.53678E+15,1.53787E+15,9,255,4,1.53686E+15,0,0
2A34EECEFBCD989C596548A449EAFFB6,1.53717E+15,1.5379E+15,9,260,2,1.53725E+15,0,0
91CEBDD064E048AAC1634289E64238F7,1.5355E+15,1.53791E+15,8,240,3,1.53558E+15,0,0
3D51962F2F5D97113E106C9C25805504,1.53379E+15,1.53815E+15,8,221,5,1.53388E+15,0,0
09B9190310AD9D80C385AA017263CB4F,1.53662E+15,1.53794E+15,9,253,2,1.5367E+15,0,0
D42B8C08A3E96D9ABB241C4E336D2B52,1.53793E+15,1.53793E+15,9,269,4,1.53801E+15,1,0
6BD3D42AC61A8DF651A4F18FC1EFB30A,1.53791E+15,1.53791E+15,9,268,3,1.538E+15,1,1
174C168BB26E937C33D8C2397DB22F47,1.5379E+15,1.5379E+15,9,268,3,1.53799E+15,1,1
9EB1C28A93CD9FE6AC6057985CDF59C2,1.53787E+15,1.53787E+15,9,268,3,1.53796E+15,1,1
DBCA64144E263291E94297193210F051,1.53635E+15,1.5379E+15,9,250,6,1.53643E+15,0,0
9C0C2042CCB259EE08C5B17E499BE153,1.5362E+15,1.53793E+15,9,249,5,1.53629E+15,0,0
E80BA7D1EA17162D60C76F8A20B9C45B,1.53764E+15,1.53794E+15,9,265,7,1.53772E+15,0,0
E47B5F4C28ACFE8DE160B3370E9282EF,1.53102E+15,1.53533E+15,7,189,1,1.5311E+15,0,0
3CB265E3644506572FFFC80A7DAD0E78,1.53498E+15,1.53558E+15,8,234,4,1.53506E+15,0,0
2CEF0B3F63A7FD536BD7A1D7EBDAA82A,1.53491E+15,1.53862E+15,8,234,4,1.53499E+15,0,0
B0501218272494AE4F5752EA8A920AB9,1.53376E+15,1.53533E+15,8,220,4,1.53384E+15,0,0
F13843601E2E0D42AC232E094434D09F,1.5353E+15,1.53601E+15,8,238,1,1.53539E+15,0,0
C9D934FABB6818E5CBE5B1141D60DEAE,1.5342E+15,1.53712E+15,8,225,2,1.53428E+15,0,0
E8205FDB6730D96FBA5804ADE5E6A1FA,1.53134E+15,1.53529E+15,7,192,4,1.53143E+15,0,0
D00B400D2C00C34D76B3DA942BCF93C5,1.53348E+15,1.53527E+15,8,217,1,1.53356E+15,0,0
5B874F7994400F6943C134F21CA452A7,1.53032E+15,1.53603E+15,6,181,7,1.53041E+15,0,0
5183D09161B7487FB9AF85B311450E94,1.5353E+15,1.5353E+15,8,238,1,1.53538E+15,1,1
6F21DD230241C6587130E8FA2B5C1420,1.52947E+15,1.53452E+15,6,171,4,1.52956E+15,0,0
79C5759CD4ABBB98B5885A3F293BEB2B,1.52961E+15,1.52961E+15,6,172,5,1.5297E+15,1,0
8EC2AB986A2E1038615E42C599D0FB3F,1.52934E+15,1.53029E+15,6,169,2,1.52943E+15,0,0
3F8706FA6FB0D3F8EED88DE2E2C7B8A2,1.52961E+15,1.52961E+15,6,172,5,1.5297E+15,1,1
79924325F573EE46FDE4F2493F138307,1.52964E+15,1.52964E+15,6,173,6,1.52973E+15,1,0
79CAA00790D06BC25052329F4ED99BFC,1.52962E+15,1.53246E+15,6,172,5,1.52971E+15,0,0
1A42E01A8B092BAB34BB195E01B6D367,1.52965E+15,1.52965E+15,6,173,6,1.52973E+15,1,1
6E710F1B0A9D6CF6C31EED3BFAF7C3DB,1.5296E+15,1.53831E+15,6,172,5,1.52969E+15,0,0
84BDE4711D2042A65A6BD6094CEB2068,1.52961E+15,1.53164E+15,6,172,5,1.5297E+15,0,0
B1383A69A2CAA403E5A74B7B2D7EF696,1.52958E+15,1.52958E+15,6,172,5,1.52967E+15,1,0
AFC155DB8A0F7E990FDD46BAAA65A4E5,1.52962E+15,1.52962E+15,6,172,5,1.5297E+15,1,1
C14076B400FAEAAB4D9CC6F67D54F43A,1.52964E+15,1.52964E+15,6,173,6,1.52972E+15,1,1
1D1CE783F29D024D84145953DCCCC838,1.52934E+15,1.52957E+15,6,169,2,1.52943E+15,0,0
3DBC1D961F70586CB3C039BA8EC8FAB6,1.52958E+15,1.53695E+15,6,172,5,1.52966E+15,0,0
D2D5BF0E23E60D6564EEC393556BDC21,1.53366E+15,1.53552E+15,8,219,3,1.53375E+15,0,0
E3DEEF5987668C1546A012FEDA321ADC,1.5347E+15,1.53548E+15,8,231,1,1.53478E+15,0,0
4662AAE1B5602A67BB168F37A9E961A6,1.5355E+15,1.5355E+15,8,240,3,1.53558E+15,1,1
A829171B86E4B3C3CD9191BED13833D6,1.53483E+15,1.53546E+15,8,233,3,1.53492E+15,0,0
EA5907924EF10ECB8AE8AD017E53B0E9,1.5355E+15,1.5355E+15,8,240,3,1.53558E+15,1,1
CFCC0229C767F3E02E722E087AE6BDBA,1.53548E+15,1.53551E+15,8,240,3,1.53556E+15,1,0
663D371E97BB1A317A21DBF911D2C245,1.53208E+15,1.53547E+15,7,201,6,1.53217E+15,0,0
981092713CF355D2D2C3D34C0C6DFC5B,1.5355E+15,1.5355E+15,8,241,4,1.53559E+15,1,1
BFAFDF13A67B045E96563CEB5B49E1BF,1.53551E+15,1.53551E+15,8,241,4,1.53559E+15,1,1
97760F8A4E9C0DA4B02684343A2BB046,1.53344E+15,1.5375E+15,8,217,1,1.53353E+15,0,0
0A9D7004114F34B9CD49538E173E01A7,1.53515E+15,1.53834E+15,8,236,6,1.53523E+15,0,0
862A8E74DC6E478F4095FDBE625F23D0,1.52981E+15,1.53555E+15,6,175,1,1.5299E+15,0,0
99426A7D4DCC1D0E6BB77CED2E0BDF77,1.53547E+15,1.53547E+15,8,240,3,1.53555E+15,1,0
FB49D03591104FB4CEC600157C3A2A0F,1.52972E+15,1.53675E+15,6,174,7,1.5298E+15,0,0
B5CC3C5C4CC8847CAF03FEC3E44E053A,1.53668E+15,1.53668E+15,9,254,3,1.53676E+15,1,1
F6F73677A4E6A0F7AACEE96107700035,1.53653E+15,1.53837E+15,9,252,1,1.53662E+15,0,0
F4A4977930421DC1ADF9BA887C9F6306,1.53672E+15,1.5369E+15,9,255,4,1.53681E+15,0,0
28546ED0BC464F5EB7C57BADD3027F25,1.53669E+15,1.53669E+15,9,254,3,1.53677E+15,1,0
1B77FB1C92556A6ABC77D8A7B12CC2BE,1.52892E+15,1.53686E+15,6,164,4,1.52901E+15,0,0
E75BB9320BCFA56BF42AAC320A56CBAE,1.53665E+15,1.53685E+15,9,254,3,1.53674E+15,0,0
901824488E5C49BCB4D19613F3E5892B,1.53541E+15,1.53673E+15,8,239,2,1.5355E+15,0,0
63298E98F815474E6FBF26D341A1F741,1.53623E+15,1.53719E+15,9,249,5,1.53632E+15,0,0
20BA5DF9529C27D5BCAD90076DA9B8E9,1.53669E+15,1.53669E+15,9,254,3,1.53677E+15,1,1
6C11E535AACB16C5B016AF468CC0904B,1.53642E+15,1.5367E+15,9,251,7,1.5365E+15,0,0
446938DF13347E075AC68753A3ED4DFF,1.53588E+15,1.53748E+15,9,245,1,1.53596E+15,0,0
D21FA1B4C5F145D3C005DFD38C2C76B9,1.53333E+15,1.53333E+15,8,215,6,1.53341E+15,1,1
10C2C581B86886D7EA94355A435FE00D,1.53332E+15,1.53332E+15,8,215,6,1.5334E+15,1,0
CFDA4228E58F8EC5A5C446D0F1ABDB7E,1.53333E+15,1.53333E+15,8,215,6,1.53342E+15,1,1
E6A97A56E28F3F9079F2DAC5514D7095,1.52973E+15,1.53334E+15,6,174,7,1.52982E+15,0,0
793008133AFD953B70E6B9037D70D2A6,1.53283E+15,1.53329E+15,7,210,1,1.53291E+15,0,0
0E62EFF6D48B1FD8A8400D051CB36797,1.53279E+15,1.53334E+15,7,209,7,1.53288E+15,0,0
B6D0E29E393A645C3326B2993D6A84CF,1.53332E+15,1.53348E+15,8,215,6,1.5334E+15,0,0
D0017E7DBFA9EBA3DC51FA8A4B1C1712,1.53334E+15,1.53334E+15,8,216,7,1.53343E+15,1,1
F62F2A0C7677B8A96DCF67E9624B2A1E,1.53333E+15,1.53333E+15,8,215,6,1.53341E+15,1,1
2AB566B92E5E821F8234BDEEFAC3F8C6,1.53334E+15,1.53335E+15,8,216,7,1.53343E+15,1,0
C0ACF48C8E0C4C71C16AB8C3F7D21A2E,1.53291E+15,1.53681E+15,7,210,1,1.53299E+15,0,0
70F3DEFC6F6ED05F6C3F528BF84A52FE,1.53092E+15,1.53334E+15,7,188,7,1.53101E+15,0,0
1AD849917C5D8C02A4D93996999D6D13,1.53332E+15,1.53332E+15,8,215,6,1.53341E+15,1,1
022DBC0027417922D926ECA6B96E53D6,1.53333E+15,1.53333E+15,8,215,6,1.53342E+15,1,1
E80B38BF159F9D6228D314CB2BD908D3,1.53329E+15,1.53329E+15,8,215,6,1.53338E+15,1,1
8E85F9B503273C041EE56963F6F68C78,1.53336E+15,1.53336E+15,8,216,7,1.53345E+15,1,1
90315F3CE85BB427F960EF2F78972EA6,1.53332E+15,1.534E+15,8,215,6,1.53341E+15,0,0
E14015A0F7887245A27434A1477B6214,1.53334E+15,1.53573E+15,8,215,6,1.53343E+15,0,0
7117AD079649D3A342A663E89F3C0355,1.53336E+15,1.53336E+15,8,216,7,1.53344E+15,1,1
5E8F210C2A6778D0E6194D50118E5915,1.53333E+15,1.53333E+15,8,215,6,1.53341E+15,1,1
428B364B8F2B42ED8D7C5AD1020705EF,1.53316E+15,1.53333E+15,8,213,4,1.53324E+15,0,0
6F0F241207BB23F40E300D8674D30FF8,1.53331E+15,1.53331E+15,8,215,6,1.5334E+15,1,0
2160984278981558F7929C07EB37E679,1.5327E+15,1.53332E+15,7,208,6,1.53278E+15,0,0
0446949CDEB27AEA0A1151792973D6FB,1.53083E+15,1.53853E+15,7,186,5,1.53091E+15,0,0
A0C717427B740393C1304931D53557F4,1.53035E+15,1.53501E+15,6,181,7,1.53044E+15,0,0
C77E351A1740BEE7A57B58DC5003A54D,1.53079E+15,1.5308E+15,7,186,5,1.53088E+15,1,1
2D4660CA182ACFAB37A5CDC0D78C4C37,1.53044E+15,1.53083E+15,7,182,1,1.53053E+15,0,0
369C245CB9986DCBF1A7F0965D5303CE,1.53085E+15,1.53085E+15,7,187,6,1.53094E+15,1,0
60A3916742CA1FC50BB2207A92867884,1.53085E+15,1.53085E+15,7,187,6,1.53094E+15,1,1
CF1C1A3E159D7CD5C76D2F740AA42A5D,1.53022E+15,1.53083E+15,6,179,5,1.53031E+15,0,0
64788CE14AC60D9F4C76A7D4411163DC,1.53084E+15,1.53828E+15,7,187,6,1.53093E+15,0,0
D2D4C4EA7C38547D5A960ABE6F6D0184,1.52937E+15,1.53305E+15,6,170,3,1.52946E+15,0,0
D7B94694A6FF42784134FAE87F078CF6,1.53081E+15,1.53634E+15,7,186,5,1.5309E+15,0,0
FE7715009D870BE17C8C13BE3003CC07,1.53082E+15,1.5318E+15,7,186,5,1.5309E+15,0,0
5B676202268516B467A71617A1C83CD6,1.53493E+15,1.53496E+15,8,234,4,1.53502E+15,1,0
84F55D39B331B4D51467A32FECD5F0A5,1.53405E+15,1.53495E+15,8,224,1,1.53414E+15,0,0
E0F2491A4884203D5532C7265B9BB7FD,1.53493E+15,1.53625E+15,8,234,4,1.53501E+15,0,0
FFCB4862EE1A6728952D4B43A8005EB5,1.52934E+15,1.53495E+15,6,169,2,1.52943E+15,0,0
D0E31F472E977281F3682285AC8346F1,1.53492E+15,1.53723E+15,8,234,4,1.53501E+15,0,0
2A9D10C4DD0AA89F39BE640ED38A2495,1.53497E+15,1.53497E+15,8,234,4,1.53506E+15,1,1
934565EF3BD164EE3B09AF2388431DD1,1.53492E+15,1.53496E+15,8,234,4,1.53501E+15,1,0
737A4B3FA732A68EB049B71E5CF15550,1.53487E+15,1.53506E+15,8,233,3,1.53496E+15,0,0
AB18969B05280A6F7E7C344C67C53208,1.53283E+15,1.53513E+15,7,210,1,1.53292E+15,0,0
75A8BBF5A6592C70AF32878FEC19C401,1.53247E+15,1.53497E+15,7,205,3,1.53255E+15,0,0
670514A3825CACC6F6628AF24441AD0F,1.53353E+15,1.53496E+15,8,218,2,1.53362E+15,0,0
CAE6C20FF0801BB13EF417120900B5DD,1.533E+15,1.5366E+15,7,212,3,1.53309E+15,0,0
25A2EF10D3114392D96650E16A1F02CC,1.53479E+15,1.53863E+15,8,232,2,1.53487E+15,0,0
EDC965462B0007B40A16CAF185D64F68,1.53268E+15,1.53493E+15,7,208,6,1.53277E+15,0,0
6FF9F94936F24D5A36AF30FA1D9007C4,1.52903E+15,1.53376E+15,6,166,6,1.52912E+15,0,0
5E68049FB5C4C88B7A0B8EACC6413E1B,1.52903E+15,1.5312E+15,6,166,6,1.52911E+15,0,0
0F66D1F804DD087B999A4C74CA29B329,1.529E+15,1.52912E+15,6,165,5,1.52909E+15,0,0
3285F46DF9D46B4FD0EB5BC35CE33FE6,1.52891E+15,1.52901E+15,6,164,4,1.52899E+15,0,0
4D328DE6F9FC079AAA16CF8842ABB090,1.52889E+15,1.53093E+15,6,164,4,1.52897E+15,0,0
4516D83DF38E72F2BEC95CA161C8E342,1.52894E+15,1.53629E+15,6,165,5,1.52902E+15,0,0
71B0ABCD09C94871F18450376900822E,1.52903E+15,1.52942E+15,6,166,6,1.52912E+15,0,0
3F40DA9781F89988A2F55EE761FDB330,1.52901E+15,1.5305E+15,6,165,5,1.5291E+15,0,0
422475C142952DA30626339424E5C904,1.52893E+15,1.53745E+15,6,164,4,1.52901E+15,0,0
745066782ECE2ADC27174B4E46168058,1.52898E+15,1.53005E+15,6,165,5,1.52907E+15,0,0
8DAE01F5044EC68D18A7D7016C03863B,1.52901E+15,1.53151E+15,6,165,5,1.5291E+15,0,0
7E7C003F2CB97FECFB06780B38600197,1.52891E+15,1.53806E+15,6,164,4,1.529E+15,0,0
7E4F8268A31BC484741A6B46DA3E0C0D,1.52896E+15,1.52897E+15,6,165,5,1.52905E+15,1,0
6895EEFC23B59DB13A9B9A7EED6A766F,1.52888E+15,1.52917E+15,6,164,4,1.52897E+15,0,0
4F8EFC8E118757B3092CF7E7CD242EC6,1.52897E+15,1.52897E+15,6,165,5,1.52906E+15,1,1
3031EAD1E9D35306A37A0F3DC3B84A0A,1.53046E+15,1.53428E+15,7,182,1,1.53055E+15,0,0
FA60B153A546A3BB9FDD525B9C8993B2,1.5343E+15,1.5343E+15,8,227,4,1.53438E+15,1,1
6E2CE131E60D8C3D91C16CE43EFC0347,1.53424E+15,1.53424E+15,8,226,3,1.53433E+15,1,1
D954B34820AEE0E5334D574388D37E1B,1.53413E+15,1.53431E+15,8,225,2,1.53422E+15,0,0
F0133C453901CA70C9101F0550E81AB3,1.53168E+15,1.53454E+15,7,196,1,1.53176E+15,0,0
F5FA5078F1BA1F1A6CC64A9C8005A0A1,1.53425E+15,1.53538E+15,8,226,3,1.53434E+15,0,0
C5812ABA182C366FA35727AB49049A79,1.53425E+15,1.53426E+15,8,226,3,1.53434E+15,1,0
9A1611584DD4500A5A6F3BEBE3BE4E9D,1.5303E+15,1.53857E+15,6,180,6,1.53038E+15,0,0
37FB5810C2971D3B9EB0E96ABB3D5AB6,1.53391E+15,1.53426E+15,8,222,6,1.53399E+15,0,0
24641E6F74DA6264B463C8665ABE4A17,1.53431E+15,1.53509E+15,8,227,4,1.53439E+15,0,0
1E2950BDF99713EF888DB711AF04EC29,1.53393E+15,1.53427E+15,8,222,6,1.53401E+15,0,0
90CC0C53AB8C20C6ACD31C2049FF1C03,1.53575E+15,1.53575E+15,8,243,6,1.53584E+15,1,1
F87F402C12E96886D1E20F34A2632EAC,1.53577E+15,1.53675E+15,9,244,7,1.53586E+15,0,0
AFF1262CCD472757FC92B2A93C75CD81,1.53395E+15,1.53695E+15,8,223,7,1.53404E+15,0,0
F8D02828AA1A4E28F9612CB41DB8BC16,1.53272E+15,1.53648E+15,7,208,6,1.5328E+15,0,0
CA32F6CB294613C0C6BFCE75C0E684D2,1.5357E+15,1.5357E+15,8,243,6,1.53578E+15,1,1
EAA7ACA4BBC7BEC62DDF65BC2A528F48,1.53576E+15,1.53576E+15,9,244,7,1.53585E+15,1,1
78CEA7AA04666D7924A253A4AA4C1F4C,1.53571E+15,1.53571E+15,8,243,6,1.5358E+15,1,1
45028CA4ED6D9709B55F50CF82E88B3C,1.5357E+15,1.5357E+15,8,243,6,1.53579E+15,1,1
7FA1A5B3B4CFDA6EE43060AEE7DDD9B9,1.53574E+15,1.53574E+15,8,243,6,1.53582E+15,1,0
2059AEAA14DF8A5C9B884598E5178572,1.53572E+15,1.53572E+15,8,243,6,1.53581E+15,1,1
F0D69C1A2EDD21068162B3E18D07A030,1.52989E+15,1.53509E+15,6,176,2,1.52998E+15,0,0
A1356979CB1EEBEB6844AE65A9161A1B,1.53098E+15,1.53098E+15,7,188,7,1.53106E+15,1,0
4CD16582B63A224A5CCC4DC8C1D046EA,1.53101E+15,1.53101E+15,7,189,1,1.5311E+15,1,1
F6ACB9D564631293322D7088744FDAAF,1.531E+15,1.531E+15,7,188,7,1.53108E+15,1,1
8A4D3DB968275EB10F8B9920C8302916,1.5309E+15,1.53095E+15,7,187,6,1.53098E+15,1,0
4577AA859D9AF314CF514CB00DF32D23,1.5303E+15,1.53185E+15,6,180,6,1.53038E+15,0,0
3A24D6AF7A8B95BADBA8DABFAC039DAA,1.53098E+15,1.53818E+15,7,188,7,1.53106E+15,0,0
F83FFA531E745DF8E9FC24B6AAB34EB3,1.52935E+15,1.53099E+15,6,169,2,1.52943E+15,0,0
5181E637D9BF572EDA441B3111453F45,1.52969E+15,1.53452E+15,6,173,6,1.52977E+15,0,0
AD85E945EC909FEF07A21ECB3EFC0693,1.53013E+15,1.53159E+15,6,178,4,1.53022E+15,0,0
AF6774AFB3410CD2C6E9B1B728A5A2EF,1.53049E+15,1.53421E+15,7,183,2,1.53058E+15,0,0
AD6737B5CB9D2EE4A10369F6BE53669E,1.53099E+15,1.5316E+15,7,188,7,1.53108E+15,0,0
7075A5BEA07293FDFE76EE3BB5210B9E,1.52978E+15,1.53101E+15,6,174,7,1.52987E+15,0,0
E65E43C361A33328A2A84864BEFAE754,1.53101E+15,1.53102E+15,7,189,1,1.5311E+15,1,0
DA00B27EE3A7FA06D967B74E0D440E5E,1.5321E+15,1.53226E+15,7,201,6,1.53218E+15,0,0
B855837734B4686C3E8D439BA634E8B3,1.53212E+15,1.53229E+15,7,201,6,1.5322E+15,0,0
5C2BC00B0A222248ED9DEAEA96F88F70,1.53232E+15,1.53445E+15,7,204,2,1.5324E+15,0,0
E502A9F25E8D7D90810369C13E50A1C1,1.52988E+15,1.53598E+15,6,175,1,1.52997E+15,0,0
C83B5F6B4BC4680D9E627AD2BDD49E2A,1.53163E+15,1.53231E+15,7,196,1,1.53172E+15,0,0