user_pseudo_id,cnt_user_engagement,cnt_level_start_quickplay,cnt_level_end_quickplay,cnt_level_complete_quickplay,cnt_level_reset_quickplay,cnt_post_score,cnt_spend_virtual_currency,cnt_ad_reward,cnt_challenge_a_friend,cnt_completed_5_levels,cnt_use_extra_steps
79694D26470B2F7638431FC246B6CAC5,46,9,6,1,3,1,2,0,0,0,2
FD2ED2B6806B4BC48AFC2261104AFCF4,2,1,0,0,0,0,0,0,0,0,0
1E850CF866159B7AC6B05AACC3E6FD4C,9,12,0,0,10,0,0,0,0,0,0
21A78D859A540DDEC25793D34B500C1E,16,8,1,0,6,0,1,0,0,0,1
45F69B905EBE7D436F86CB5C0802D4BD,13,0,0,0,0,1,0,0,0,0,0
14E45E9A38187A467F77569CBCBD1041,18,2,1,1,0,4,0,0,0,0,0
5B6161A5B8EAF9E04291EEAFEA188D12,14,21,0,0,22,0,0,0,0,0,0
7A2B91B04FEA667808B69518C042206F,2,0,0,0,0,0,0,0,0,0,0
BB6882241BB572C3AF3E198490C83981,53,0,0,0,0,10,2,0,0,1,2
9E01D1A09FDD23C5CD84D1F955B9EBA8,1,0,0,0,0,0,0,0,0,0,0
55BF8BB2457C1E8B554058947A484334,67,13,5,4,3,4,18,0,0,0,18
8669CA0A64242060E992A27B5E4E8830,3,1,1,1,0,1,0,0,0,0,0
E33EE4D9090447D3981439CDA8910A97,15,4,4,0,0,0,0,0,0,0,0
5B333FE2BC3875C6C3882279B51B8BAF,32,5,5,3,0,7,0,0,0,0,0
3B4F8D8584100C1D66809A06266DE7FC,17,4,4,1,0,1,1,0,0,0,1
A05E5EF28C83231054B9A7009A418438,40,8,0,0,7,16,0,0,0,0,0
61633448555C128551BE7E095F5C0E10,8,0,0,0,0,0,0,0,0,0,0
1E9576958AA73D69DB9E4AFBFE27D553,8,3,0,0,2,0,0,0,0,0,0
F9EF5F13B83A4CA8C74C7ABD868F23D5,10,0,0,0,0,0,0,0,0,0,0
6AB9B5119F12D33797063D0A3999EAB8,23,4,2,2,0,3,0,0,0,1,0
9D1DFD3B46E37390B640CCDEF5B6B022,12,3,3,1,0,1,0,0,0,0,0
2EF9738DE9EA54872F402F28E7CBA574,4,1,1,0,0,0,0,0,0,0,0
F1715AB43436224B347F1A1900A1FD85,29,22,9,9,12,9,0,0,0,0,0
8715F32A9C6E70EAB6895C0581400E6B,26,12,5,4,3,4,0,0,0,0,0
D1E384039A327FC0AF368C5C178FC790,3,1,0,0,0,0,0,0,0,0,0
02BDEEED9EC58C4DF3E3808CFF51C484,23,5,3,0,1,0,5,0,0,0,5
6E898D36923082FFEBA451B6150DC3A9,26,5,2,1,1,1,5,1,0,0,5
2907E99C58F849551CF8A313BE709163,11,6,3,3,2,3,0,0,0,0,0
BC486E5E7ED937EC70AFFC128300A615,8,2,1,0,0,0,0,0,0,0,0
6795CE3FC3D5319BEFFE39428A456919,9,3,2,2,0,2,0,0,0,0,0
50F6EB87E17D345A431C332D124E07D4,1,1,0,0,0,0,0,0,0,0,0
646FE5210FBB09E9C5B6BA51C497E5BC,10,4,3,0,0,0,0,0,0,0,0
ADB8CEDCF81839904A6224D20592E04A,6,2,2,2,0,2,0,0,0,0,0
7CDC52F058F406CC41FCDC16E464342A,221,83,80,71,1,71,0,0,2,0,0
3F24D212C1FD176677B44A8B05A1885A,22,8,4,1,1,1,0,0,0,0,0
9F4BBA40E6ADF598207B7FF0F26108F5,1,0,0,0,0,0,0,0,0,0,0
024533CD46BF3246F6428E30AB0A0865,2,1,0,0,0,0,0,0,0,0,0
13F080023BC02C4DC81CF648D346DA49,3,0,0,0,0,0,0,0,0,0,0
E325A12D5EBC55ACEC787D88E545A9F0,48,11,10,0,0,0,0,0,0,0,0
84BEB65E6F5A476DF03211ECCC2EA76B,2,1,1,1,0,1,0,0,0,0,0
BA8CE9E65A26261B5E42CA260FA5353C,22,9,5,1,4,1,0,0,0,0,0
2D644942A18A482A9AD370DA9F38B709,3,1,1,1,0,1,0,0,0,0,0
5BFDC0426DE9C09CA5FF18E4982F2506,15,0,0,0,0,1,0,0,0,0,0
4FCB0434161F0EE1E92046C850A90DD1,3,0,0,0,0,0,0,0,0,0,0
1010A9A4D76FDDAB3C456113CC4E6C95,13,0,0,0,0,4,0,0,0,0,0
A20E7E669E319B0A1912A187C4169AEE,18,0,0,0,0,5,1,0,0,0,1
B74A17D588E52BEA532D551DB626EC4B,1,0,0,0,0,0,0,0,0,0,0
2B9E05C9A73CE9EFCADC80CE582ADBA6,3,0,0,0,0,0,0,0,0,0,0
A6E7F3C2692459390F24A912B447B433,5,1,0,0,0,0,0,0,0,0,0
8CD1C44A6F041A965C4645CC9DAB8797,16,0,0,0,0,2,0,0,0,0,0
456603AFBA6433E9AD8685186F7F8425,12,4,3,2,0,2,0,0,0,0,0
B185F3727B2C6A2FABC06C0C8BEC68EF,5,0,0,0,0,0,0,0,0,0,0
63E2ABD33ED803069B357CAA582797CF,24,5,2,1,2,1,0,0,0,0,0
BCE3E220D4DC504C6AFDE68BF7CF99E6,28,12,3,2,0,2,0,0,0,0,0
700F7F7537AA9608C920BFFD14C8711D,10,2,1,0,0,0,1,1,0,0,1
E7824127D778ABBCBCDA335F2EB7D64D,5,1,1,0,0,0,0,0,0,0,0
2EF814FCC7768BCB56538F6375C5FEF9,29,8,6,5,1,8,0,0,0,0,0
5652FE8F7347A1AEDC7543F7AD642C30,9,0,0,0,0,3,0,0,0,0,0
E10A839237C8E024635BB36936FF4D81,74,24,22,6,0,6,0,0,0,0,0
422C08B906E37449BA477CF1AAFE7BE5,27,4,3,0,0,1,0,0,0,0,0
2E232DB69EBB2EF7E68E2B0C10DBE859,15,5,3,0,0,0,0,0,0,0,0
119C56EBCA819C96F9370FF0C43867DA,4,1,1,0,0,0,0,0,0,0,0
1AE32C0B80648F4516DE4830AD288E02,51,3,3,0,0,5,7,2,0,1,7
65590DA8747B4EA65442441EE1F871E5,22,0,0,0,0,6,0,0,0,1,0
41BC7D60F92AA119E0C1643D54EC238D,3,0,0,0,0,0,0,0,0,0,0
34949061E363020D1DC599AF293F4376,6,1,1,0,0,0,0,0,0,0,0
238F40560836C5F5E317C859E3EDBC95,6,2,0,0,1,0,0,0,0,0,0
EA35FE295A7C1F8F67836AEB608CEBBD,171,60,59,31,0,31,0,0,0,0,0
830461B02C9A488AFF82BA7AA8C58052,19,3,0,0,2,2,0,0,0,0,0
DAD2E26F6C0E4C6631490AC31BF2DBC8,26,0,0,0,0,4,0,0,0,0,0
233802C609947F33DB7CFEFBBC7AEA2E,1,1,0,0,0,0,0,0,0,0,0
EEA7994C33475920620AC49055AA96D8,20,0,0,0,0,5,1,0,0,1,1
59C79351BA65506A00F8F940CC9EB337,37,0,0,0,0,8,3,0,0,1,3
DB8E1187DDC1B1EA10231A3F0739CCC6,17,20,0,0,19,1,0,0,0,0,0
AE8C5B88EC732EC72933B18ECD6C57E5,1,1,0,0,0,0,0,0,0,0,0
A64CA7941E040C69E34F7AA338DA8239,4,2,0,0,1,0,0,0,0,0,0
BAA42D2D94CD8312B6A7F08A576F6A8C,4,0,0,0,0,0,0,0,0,0,0
5261C4CF856996E55235DA15FAF98CED,2,1,0,0,0,0,0,0,0,0,0
2F0F260BD7B876C346B41977D0D03D62,78,23,20,8,0,8,1,0,0,0,1
046CC8D512A010F60CB1EB26AAE41757,21,0,0,0,0,6,0,0,0,1,0
5BDEA4C55EFDF16308475E1ACA152767,16,3,2,0,0,0,1,0,0,0,1
D1FDE2A7EAF350A6C080F1EF4D93AAED,10,0,0,0,0,0,0,0,0,0,0
CDFD94DA480631BEB80E66BC36103CB7,10,2,1,0,0,0,0,0,0,0,0
72E752D33E3C79FDBC5525C86DFD2A75,15,4,3,2,0,2,0,0,0,0,0
0EFF72F3A7E2118F0B938C4595B4166D,11,2,2,0,0,0,0,0,0,0,0
0D7E6A9FF070DCA32C538BB891E6105C,1,0,0,0,0,0,0,0,0,0,0
35D7E0527C5BC0E5044EF3716C845E08,125,17,9,3,3,20,0,0,0,2,0
47A8CC215AA66ED9190E8E11879B8502,20,2,1,1,0,5,0,0,0,0,0
981D17AB0CBEB4ECB541405924D95A0E,1,0,0,0,0,0,0,0,0,0,0
3C871B56B2654F95B13DB5388E58DDF9,8,0,0,0,0,1,0,0,0,0,0
0043CF8841C819015ACD25710D333113,20,0,0,0,0,3,0,0,0,0,0
D9563E61AC76501942B6B3B4EBA2BFE4,50,0,0,0,0,10,3,0,0,2,3
15580E78B3CF93AA028B5376350129FD,148,3,1,0,0,7,4,0,0,1,4
09E3CDA2CDDE4036C1DB9C5A61266AA7,7,1,0,0,0,0,0,0,0,0,0
7F612B35D4079BD4E6B345377244FF0E,7,2,2,0,0,0,0,0,0,0,0
8FBA68B371BCD408B4E1CCD4A3ABE3D1,14,0,0,0,0,1,0,0,0,0,0
0ACC974614DA3BB6989585D9E27A58EB,1,1,0,0,0,0,0,0,0,0,0
B4E7C450E25659D0193A97157D730CC5,15,3,2,1,0,1,1,0,0,0,1
590DF903B5DE58590E109754EDB79809,36,0,0,0,0,6,0,0,0,1,0
925AA03300156F1CBB7F21DF6A7EF36A,8,3,1,0,0,0,0,0,0,0,0
D69E56007AA13CE22FC300BECB0BEECB,1,0,0,0,0,0,0,0,0,0,0
F5399EDCBD933CB1A80F4975D796F98B,25,11,5,0,6,0,0,0,0,0,0
3754166443959F05A77112BEB2A31517,1,0,0,0,0,0,0,0,0,0,0
2F20E30308B56FBA226F534A445A1E5B,5,0,0,0,0,0,0,0,0,0,0
FA6792A98525E54CAA1F833F500F0477,9,2,1,0,1,0,0,0,0,0,0
E79E1248F975BD0902AFB7C300D1D794,11,5,0,0,4,0,0,0,0,0,0
716EEB4171114A58FBE5A95255BB67B6,6,0,0,0,0,0,0,0,0,0,0
B00A5CBF254E59E04D1BC4CCC95043C0,3,0,0,0,0,0,0,0,0,0,0
35B0FBF03492417ED0C50F0CE6FD3768,6,2,1,1,0,1,1,0,0,0,1
1025F68A65488C13C81112C08A2A8A6A,8,2,2,0,0,0,0,0,0,0,0
05AFD9CC6BE47271BCD774268D50ACCC,25,8,7,4,0,4,1,0,0,0,1
43EB2EA474E77679E6F87494A58E341E,31,11,11,9,0,9,0,0,0,0,0
DABC5234774C4E18EF0B59DE32DEFD2D,114,38,34,13,3,13,0,0,0,0,0
01A2266B0F0188829C230F90721CE95D,1,1,0,0,0,0,0,0,0,0,0
9F4D110D6ED476B6CB3B8C8F3031B9AC,13,3,3,1,0,1,1,0,0,0,0
39F507C9C69C087720D210B1D13788B5,12,8,2,0,5,0,0,0,0,0,0
9E0EAF2829B764D79D3D939DD81C850C,3,1,0,0,0,1,0,0,0,0,0
97E7144B7FA861C3C8DB7424D7039832,29,11,4,1,3,3,0,0,0,0,0
8320FC247A1967E7C0CDFC1502241310,38,0,0,0,0,4,0,0,0,0,0
C3D7BA97E184ABF0A446F35DE12BACF9,3,0,0,0,0,0,0,0,0,0,0
6FB0DC4B3B77B4945CCC153EB01DE168,9,0,0,0,0,3,0,0,0,1,0
A94C6A328773A5C3E5BCCC524A253310,2,0,0,0,0,0,0,0,0,0,0
AE0B44FF5C6C9397C6FF32635328E83E,1,0,0,0,0,0,0,0,0,0,0
BF77633BE8375F4A32984B692B4D8942,7,2,1,0,0,0,0,0,0,0,0
AFE22459EBDA201861C54CDFF294D8F9,6,6,0,0,5,0,0,0,0,0,0
6933934F877244F44E681554B2BE6CED,2,0,0,0,0,0,0,0,0,0,0
B993935197C496DF102FE8D0FE8527E2,10,0,0,0,0,0,0,0,0,0,0
CF47EB1BF0FD3A0CF7AB508DBC4DC30F,6,3,2,1,1,1,0,0,0,0,0
93C2529FAD40263384413CE9630B308E,5,2,2,2,0,2,0,0,0,0,0
50F9ECC02D5198369DEC190502867F73,2,0,0,0,0,0,0,0,0,0,0
048D461F5F6A2437E33E1896ABD1507A,4,0,0,0,0,0,0,0,0,0,0
A3E7A4F5F17B939815676C18FA71848F,10,7,0,0,6,0,0,0,0,0,0
5C4773A411EA7DA0CE90122B51F37E5D,3,1,1,0,0,0,0,0,0,0,0
C4F90DFDAD361A1A49BDF60E74F9145F,22,13,11,6,2,6,0,0,0,0,0
4656CFA5A8AD701FBEF0A4B22DEC7123,2,0,0,0,0,0,0,0,0,0,0
17AC67BC8CCDA6672DE2523CE1D83B3F,10,2,0,0,1,2,0,0,0,0,0
937DEC758815AB88CD3FDE404009879D,8,0,0,0,0,1,0,0,0,0,0
D768C3C0513A24D6DF2110A37FE868DA,10,3,2,0,0,0,0,0,0,0,0
46AE1B2A500BC810A363BE6C9B56EFFA,91,3,2,0,0,2,1,0,0,0,1
3883FF0DFAB40ECD4EA781FC0D1CE18A,114,32,29,9,0,9,0,0,0,0,0
DC89D90D5DFB91ACC0F70A8831861F4D,22,5,3,1,1,1,1,0,0,0,1
370631465168E174D7D2305DC0DB120B,20,2,1,0,0,0,0,0,0,0,0
5370D50F371B1F37B4F2A387222D9AD1,4,1,1,0,0,0,0,0,0,0,0
87A95949D12E9C9263482FB202E791BD,45,12,11,5,0,5,3,0,0,0,3
BCE2A810C0ED8C84CC780FDB6BFD2CAF,20,0,0,0,0,8,0,0,0,1,0
19682EA2300D1B6326F14D0BAA1C1340,52,18,13,5,4,5,0,0,0,0,0
24CBD0F79E21603ABC4F6B1EDD4E50BC,11,6,2,0,3,0,0,0,0,0,0
FC68FD4C1949DC8B96F959281128FBC8,171,33,30,22,1,48,0,0,0,0,0
C5AAFE66FD99089AF97CA13A72687ABC,1,0,0,0,0,0,0,0,0,0,0
9640F670A49F4549E4541FE50EEB88D2,4,2,0,0,0,0,0,0,0,0,0
1C65943AF5217570A2E4D9B58B6E6FC4,27,5,5,5,2,5,2,0,0,0,0
05B57F40FB0403F6F6C3052D28244AB8,1,0,0,0,0,0,0,0,0,0,0
0D667187016A7A93F542C15F452F5F09,8,0,0,0,0,2,0,0,0,0,0
1B022A1C829F79C7F63AEE6E4C7ECBC3,27,1,0,0,0,4,3,0,0,0,3
0BD6EBD825E25260B49D17D255335496,2,1,0,0,0,0,0,0,0,0,0
DF2C3B7E8FB37490F6F265867863951C,13,3,3,1,0,1,0,0,0,0,0
ADBEFCA55EC84BD5D403A123B698DE94,96,23,23,17,12,17,0,0,0,0,0
B9EECE1AE27B3120715D959C3560BFD3,8,2,2,1,0,1,0,0,0,0,0
E53BC2A0AD86417B443AF14EE3082C0F,54,17,16,6,0,6,0,0,0,0,0
8299E83727DB46149AAD5F00F2A2608A,46,5,4,0,0,8,3,0,0,1,3
ED553D2BB4B37C2D7620A6D5BE7C0C8B,10,4,2,0,0,0,0,0,0,0,0
B7FB1C68C5CA02017076BB37ECD8D02A,11,4,2,1,0,1,0,0,0,0,0
A328A685EE92F31EE8F821757E643258,2,0,0,0,0,0,0,0,0,0,0
437E1E4F1A7DF0CC995FCE10EAC96350,7,4,2,2,0,6,0,0,0,0,0
0DAD8CFE0AE9C745B611DC432A985291,1,0,0,0,0,0,0,0,0,0,0
B2F9BBDD8C7ED6F86ADA0544B032948A,9,3,3,3,0,3,1,0,0,0,1
2C3A2B86472D14F6A974C092164C3ADA,45,14,13,9,1,9,0,0,0,0,0
17B78743249ED215A01B4B7995770EA7,1,0,0,0,0,0,0,0,0,0,0
0E0C0F08123CB27BA63037F04FDE9248,36,1,0,0,0,5,0,0,0,1,0
01C32D7902049B768BAA294A7F0D150D,11,5,3,3,0,3,0,0,0,0,0
ABF34B528D18C455F276DDD3025A100B,198,1,0,0,0,34,0,0,0,2,0
118590741147E0FE292B40BEF813F7FB,7,3,1,1,0,1,0,0,0,0,0
160E90D8586EC5DBB391CDC4AE40218A,14,1,0,0,0,1,0,0,0,0,0
C2FC4E7982D01DC11CB23FD5077F51DA,3,0,0,0,0,0,0,0,0,0,0
419D962FE0A98E1A651C9753F942D212,6,1,0,0,0,0,0,0,0,0,0
E30E8756808AB219B28276F129C51552,15,4,0,0,1,1,0,0,0,0,0
CFE57B8ACA078C7618E2E477955404CB,28,10,6,3,4,3,0,0,0,0,0
42327F3D4C5238486EC689F87D5EA3D1,4,0,0,0,0,1,0,0,0,0,0
B46C0C3FD69B32EA5FAE5017216C5FBE,1,0,0,0,0,0,0,0,0,0,0
F0A67B4154F4275B32243228EC61BD74,4,2,0,0,1,0,0,0,0,0,0
28C3573C64D06BD68E31D18E5DA77ABE,64,7,7,1,0,6,5,0,0,0,0
0155220BAB309646CC7AC980AB75A212,46,17,16,11,0,11,0,0,0,0,0
498863DFCF5947A4D6DD8E82CC1BB322,16,0,0,0,0,3,0,0,0,0,0
44DE25D7B9A474632A68C3533417A1CD,53,0,0,0,0,12,0,0,0,1,0
B5D8ACA33A57FF52CFC01C59EBD0E9EC,15,23,1,1,19,1,0,0,0,0,0
B4723ACA1A6C65BE5D0970DF4166CCBE,29,3,2,0,0,2,0,0,0,1,0
83BD247F986B80A1459E119D2891452E,5,0,0,0,0,0,0,0,0,0,0
F1B841B645E96249BDFD59DB76865211,26,12,4,0,7,0,0,0,0,0,0
30E7FC7394103E7EFA3F0AFC9F14342C,3,0,0,0,0,0,0,0,0,0,0
9E63A50ABB7C292735533D3308161DBD,1,1,0,0,0,0,0,0,0,0,0
5C75C4C24A8F46B0E518376A0CB1E6A1,1,1,1,0,0,0,0,0,0,0,0
6AE69BD54E326143C501A49A4CCD0CBB,13,2,2,0,1,0,0,0,0,0,0
E853B79033DEAA4E22412485E768DCC9,12,0,0,0,0,3,0,0,0,0,0
1FBF67434F103A94B29D5DB5C7976FF8,6,2,1,0,0,1,0,0,0,0,0
F56BB665465B43F385A68F53BFA10946,46,19,18,0,0,11,0,0,0,0,0
6C6BBE24D96DF8AFE40DF633BB300AB4,14,0,0,0,0,4,0,0,0,0,0
01C3BAA2E732F68CECFC432D722FF6F2,8,2,1,0,0,1,0,0,0,0,0
D99F522177A35745D80F596989D1111E,1,0,0,0,0,0,0,0,0,0,0
96A72898FF482DB4D91FFB5B22846C79,3,0,0,0,0,0,0,0,0,0,0
127C8DEEBBC9881C616168923C93DBC8,26,0,0,0,0,4,0,0,0,0,0
C2EDAD22F64D3A29519FABEAF3BB36F5,5,2,2,0,0,2,0,0,0,0,0
4B0AFFB47CC81EDE5DC4F902B85F0E38,10,3,3,0,0,0,0,0,0,0,0
A10CE5BB49D264C4ADD1D207968B8736,5,1,1,0,0,0,0,0,0,0,0
444248CAA1403EAAF1132C90B5DD8C44,24,1,2,0,0,0,0,0,0,0,0
3F05365BF8C58A0044FFBD8163570664,5,1,1,0,0,0,0,0,0,0,0
209DB3CC26138653830E47B67ACA74E2,4,1,1,0,0,0,0,0,0,0,0
D535218F4C5C58EAAB43068EE1620622,1,0,0,0,0,0,0,0,0,0,0
5FF37EDEA1329EDC4F3D9E78CA14B212,2,0,0,0,0,0,0,0,0,0,0
EDDE23540EB48BC327C20078F8CC3BB0,10,4,0,0,1,0,0,0,0,0,0
D4CE373C174239DC1ACE97F4079B416B,7,2,2,0,0,0,0,0,0,0,0
78657B5FA94F158EC55F7ED6E188B5D3,1,0,0,0,0,0,0,0,0,0,0
628E501EA1130A3A1C63DC1A3DF9D43A,4,1,1,0,0,0,0,0,0,0,0
DEE5757A27CE7668AEA5E8FF07FBF13F,4,1,1,0,0,0,0,0,0,0,0
AEB090C760FD73513C341B2BF17B671F,2,1,0,0,0,0,0,0,0,0,0
20CC06E4C26A68069C6B4B6FF22925C8,15,5,0,0,0,0,0,0,0,0,0
09D64A2353D88593021B6ADE40A55089,10,3,3,0,0,0,0,0,0,0,0
8E9AF5710AB209EBDB86A9E3263EC24F,14,6,6,0,1,6,0,0,0,0,0
03D09EC0E7D363DD6E6F8E96E71EF821,7,2,1,0,0,0,0,1,0,0,0
A2A6C482A2F19037E3A89B70E16CF148,26,10,9,0,0,0,0,0,0,0,0
63DC7D4093165CA24BEDD80FD22B0DD0,1,20,0,0,19,0,0,0,0,0,0
931923624BAB3FB742C9685E8B8C8F82,4,1,1,0,0,0,0,0,0,0,0
5EB71EF8D3A55742EAC490AF5B0764D4,11,4,4,4,0,4,0,0,0,0,0
44A7AEA599FD40907CFB969FA22FD9FB,12,5,5,5,0,5,0,0,0,0,0
4F78D8FDAC8011CCAB40816FED99403E,31,9,9,2,0,2,0,0,0,0,0
EB97C4A7F83275C5D10D5C7944B95AB3,1,0,0,0,0,0,0,0,0,0,0
871E1E83FB149EFF85F6EAF3EA6EE38B,1,5,4,3,0,3,0,0,0,0,0
A51BF75239709A5494645BEAABC3453D,36,12,12,6,0,20,0,0,0,0,0
FD59D3EE59289365DF3B121BA2529C1B,1,0,0,0,0,0,0,0,0,0,0
1043C28A3DC504006CC45ADE96B95A96,3,1,1,1,0,1,0,0,0,0,0
60B766E7BB3D77B2F3453302137C6E0A,13,1,0,0,0,2,0,0,0,0,0
EBE661044C1949546986A852F35083A1,3,1,1,1,0,1,0,0,0,0,0
FC62ADB8DDAF3576A564D1A5FC5E24F0,10,0,0,0,0,0,0,0,0,0,0
F2D4C11350064031EA8AC50AA63F94A8,35,9,4,0,1,0,0,0,0,0,0
A934B78A4B0A0D85718D89303D195B2E,2,0,0,0,0,0,0,0,0,0,0
90661BFEBB42671421697F7DA63EC771,9,3,2,0,0,2,0,0,0,0,0
1B959D672ABAE4A3BFB9D720D415E064,135,0,0,0,0,19,1,0,0,1,1
55BFF903A55C62757C592CB25D7F1056,3,1,0,0,0,0,0,0,0,0,0
17636078D57884AD7EA5406C60E2BD10,169,54,51,19,1,19,0,0,0,0,0
3FF20DE9292722BB06E90DC5E902E5F7,15,4,3,0,0,0,0,0,0,0,0
83087EBE7E2001DD1918810489389A6D,4,0,0,0,0,0,0,0,0,0,0
BB90E3EF80325C68D00E6BCEEBDCAA79,14,1,0,0,0,3,0,0,0,0,0
F3B0F2F150A1D91E15BB07FACD1EFC89,3,0,0,0,0,0,0,0,0,0,0
B2F661E88136265632545A030F09A88A,35,9,2,0,6,4,0,0,0,0,0
82660A783170BC1C45EEAB3B713B6C5C,8,1,0,0,0,0,0,0,0,0,0
DFF46496068299CA44163BEF38B7F89D,11,3,2,1,0,1,1,0,0,0,1
2AA17DDA4E909FFE2BD3EEA50A63F4A0,3,0,0,0,0,0,0,0,0,0,0
84155F8B9A962233332DF4E82CF8B703,5,2,2,1,0,1,0,0,0,0,0
4F342B4E268D83D898DFDF87A2DF7065,21,0,0,0,0,8,0,0,0,0,0
19C8EAB201DA2CDDC1240ACD0E3D7441,3,0,0,0,0,0,0,0,0,0,0
57665A278A54980F95181A64E6D55E6A,8,1,0,0,0,0,0,0,0,0,0
91BF8E59808AD0D73F16ED3DDC984877,10,2,2,2,0,2,0,0,0,0,0
468FA30CB551D6C736E09B82A52D3BC6,19,12,4,3,7,3,0,0,0,0,0
43251B4821FA3F7EF7A38628655ACB7D,1,1,0,0,0,0,0,0,0,0,0
F737990A8EE1F47ADA4A5200F9C38A97,3,0,0,0,0,0,0,0,0,0,0
80B7E9D1DF9155BA2277817B7F1E06AE,3,0,0,0,0,0,0,0,0,0,0
9D535D543FD07B8247DEADB4669FADE6,41,16,11,5,3,5,0,0,0,0,0
8BE7BF90C971453A34C1FF6FF2A0ACAE,700,143,132,43,1,74,4,0,0,1,4
1B2A9E461E99FB1D165894AFE613AD73,29,8,7,4,0,4,0,0,0,0,0
9B18A1CBA96D52D05CFA7CB7C9011EDE,387,99,78,9,0,9,0,0,0,0,0
A455B9E2AFF03D3DD29AAD30366003BE,19,4,2,0,1,3,0,0,0,0,0
4E70CB9CF51205F056587DE7F4C49C53,18,1,1,0,0,2,1,0,0,0,0
E4BB66A18C35851A59539E29EBBC0247,3,1,1,1,0,1,0,0,0,0,0
BC68DA6C18C9634E924871C65BB339A1,5,2,1,1,0,1,0,0,0,0,0
2B86004D342C2EA67F3164372314F0C4,12,4,4,2,0,2,0,0,0,0,0
78161BB39BB13189ED9A6838A9AE45DE,14,15,1,0,11,0,0,0,0,0,0
D76E55DD6D27E0A117FC536C0DC67677,38,0,0,0,0,5,0,0,0,1,0
D30431EE9683DA4AD3EB2AE44109A735,27,6,6,3,0,3,2,0,0,0,2
ED5C290C8F82C28C033482D31299D8CD,3,0,0,0,0,0,0,0,0,0,0
7177907C1E492D178BAB61997705665F,9,2,2,1,0,1,0,0,0,0,0
5458D74B4B3B6A11DC98ABDC2F7AA0B1,7,2,1,0,0,0,0,0,0,0,0
9AFF07DCC4DC8276854BC916473FEDDA,89,38,26,6,9,6,4,0,0,0,4
EE64062E27E239F4B809BA79E3517516,23,9,0,0,7,3,0,0,0,0,0
DE8C865ECDECDD5CE81CB141AFD698AD,7,2,1,1,0,1,0,0,0,0,0
70F78D2A7E702F29576D41ECC594590A,9,3,2,0,0,0,0,0,0,0,0
0E2DCEC2008A0C245A689B35809C87E3,25,7,6,1,0,1,0,0,2,0,0
E659018965C45C6546EAC732D07DABB3,175,23,16,6,6,22,0,0,0,1,0
132DFC9DEB26981127A36DCB0349536D,2,1,1,1,0,1,0,0,0,0,0
C1C41F475F12D897EBB7CCD3A16729F2,12,2,0,0,1,1,0,0,0,0,0
65B3EEC3D19FE1B2C331B7103F3DAACE,30,16,5,4,9,4,5,0,0,0,5
0863E962E3F36AC52A9B0462463D9A2B,6,1,1,0,0,0,0,0,0,0,0
C37503360CCF542F01418ADF1BEC4EE4,9,4,3,3,1,3,0,0,0,0,0
7635A6A3D7FF46D849F921C8CC25A620,4,1,1,0,0,0,0,0,0,0,0
A921C5AB72246BFE8CA6CB19212387B7,4,1,0,0,0,0,0,0,0,0,0
36C32F82A22E7DC2DB04DA29BF71199F,2,1,0,0,0,0,0,0,0,0,0
FFAE8EBA6D6A0F70F80F8AB7BDD324E5,2,1,0,0,0,0,0,0,0,0,0
9BD663F05EA7660B40800C28E2BF59FC,58,16,16,3,0,3,0,0,0,0,0
396B43A65F1C9E66F23926B496D9E8C7,17,1,1,1,0,1,10,0,0,0,0
11FCE87078342891B101FE7F59E76347,10,4,1,0,1,0,1,0,0,0,0
A1927ED722EA16A3B82E7EE0FA22FF4F,60,47,6,5,42,5,0,0,0,0,0
F4959CFD58B29ABDECD09DAEF708DCF9,27,13,9,9,4,9,0,0,0,0,0
A321A68F8050F7262B29FDA89387AEC7,5,2,1,1,0,1,0,0,0,0,0
0D6A346C85BF606BE12F9A70FC20A7B7,22,2,1,1,0,7,0,0,0,0,0
83EB6E905B20079A153828894109C0FF,1,1,0,0,0,0,0,0,0,0,0
D1CE26407DE7F231D92F0EFB6FB1B6C6,5,3,0,0,2,0,0,0,0,0,0
BDEEAEF22E7549E96E4763DB95477113,5,1,1,1,0,1,0,0,0,0,0
8AB276B80B01A635BA7EF9C2071C0231,22,44,7,7,36,7,0,0,0,0,0
A97014AF95ACE257C9E907D909665550,6,0,0,0,0,0,0,0,0,0,0
ECAEB08BD75F63B8A0167A6B6F9DADB1,1,0,0,0,0,0,0,0,0,0,0
1768ED05ED22B2992647C7EB51EBA3AB,3,1,0,0,0,0,0,0,0,0,0
01B3F8A4E745CED2639D0FBDC2FEFC88,3,1,0,0,0,0,0,0,0,0,0
1A6F117EC48594AA7A7B3A42A605415A,18,0,0,0,0,4,0,0,0,0,0
DAED6B0E3EEEEDE2779A2312B8174762,26,0,0,0,0,2,0,0,0,0,0
0939A5A6511211C939F2C5E2FC7A569A,58,0,0,0,0,6,0,0,0,1,0
869CD665A9D52E3398754C8DACF4426D,41,0,0,0,0,7,0,0,0,1,0
0A85658A9C5FA74C59E796E1228987D6,10,0,0,0,0,0,0,0,0,0,0
C4AF7AF776C4E6AEE0667320C0AB2474,1,0,0,0,0,0,0,0,0,0,0
3135AA6E1A3D452423977DDA7F6201D7,20,1,0,0,0,1,0,0,0,0,0
DBB995BF3A253CE1A68AF3B0B43C216D,5,1,0,0,0,0,0,0,0,0,0
CAC12C9CF0AD0E78C9679E12A7425625,3,0,0,0,0,0,0,0,0,0,0
53649082C25AB9A9CD1E394EBBA9CEF3,164,1,0,0,0,23,0,0,0,1,0
28AEB934872EB727F66ED2FC4789816E,12,1,0,0,0,1,0,0,0,0,0
88875C7F05CD91F689B0B464045CC318,2,0,0,0,0,0,0,0,0,0,0
47321D893BA2E10DE8932013AFA7D219,2,0,0,0,0,0,0,0,0,0,0
09BDD816257873A6FD3E231C5DE598D3,15,0,0,0,0,1,0,0,0,0,0
42B9A14B99CF6FEE630005EF1F03FA19,12,5,1,1,2,1,0,0,3,0,0
E218BA6558E8561C6A9E186B339EC3FF,2,0,0,0,0,0,0,0,0,0,0
9E8E672627A2D4D0EB91F30CFC41EAD0,1,0,0,0,0,0,0,0,0,0,0
5558FE9EAD95706AE24CB71073CFAFB0,53,0,0,0,0,21,0,0,0,1,0
C753C435C40D421DB0CC1C7AC6D3356D,42,19,9,1,10,1,2,1,0,0,2
F578D51960AB4E22E7E404C8ABF5E278,1,0,0,0,0,0,0,0,0,0,0
41F03CC4813FC0BA929FBB68B6AD69D6,9,8,2,0,5,0,0,0,0,0,0
D54B4AD21B08073052E66713674BAE3C,11,0,0,0,0,2,0,0,0,0,0
FAA8A7851C75935EDC148F38B4F39F06,18,4,0,0,3,2,0,0,0,0,0
673E537944298C773DB3AF54914769C0,23,7,6,4,0,4,0,0,0,0,0
5F4C7C1A20C6606C1F603044A0A06470,13,4,0,0,3,1,0,0,0,0,0
EEC5970AF0A2E7CE993A6A0499FE23B4,2,0,0,0,0,0,0,0,0,0,0
5A06B4FB19BFBF838B73B57297121379,318,113,109,46,2,46,0,0,0,0,0
14BA86FEA0B039A91BACA730D3C4DBCB,4,2,0,0,1,0,0,0,0,0,0
00BE295963CD550B4DE0F77AE1B59279,3,1,0,0,0,0,0,0,0,0,0
0FFF3696DF1C14BCBFE1805357B928AD,7,2,1,0,0,0,0,0,0,0,0
3990418C114294580FA6E29EFDBF5AF7,4,0,0,0,0,0,0,0,0,0,0
33F7A1DCA4C1DC73C6622A3761DD9812,1,0,0,0,0,0,0,0,0,0,0
117AD1627465CC9E03AB5D8825D42E07,11,5,5,5,0,5,0,0,0,0,0
587B7361E91394D3BB6B8214672C4B91,5,2,1,1,0,1,0,0,0,0,0
83ECF96299CE32BC5D59B60470257994,170,7,6,3,0,19,0,0,0,0,0
326651F167D600272DA4EC5EE0618D07,109,21,2,0,15,7,2,0,0,0,0
30499F35F1B41B38DF777E9C303FE06C,2,0,0,0,0,0,0,0,0,0,0
7532B9EE7B6F844FF4ECB5DD8A864551,13,4,1,0,2,0,0,0,0,0,0
72271D72B3B55D68D6538C09FDAFFBA1,9,1,1,1,0,2,0,0,0,0,0
7D483EED6843864DF402EDC5FF706A26,4,1,1,0,0,0,0,0,0,0,0
72CBC4608FF399EA3197358671935853,82,32,28,10,2,10,1,0,0,0,0
319C42D39D63425DA7C40B9B4D1D1B3F,1,1,0,0,0,0,0,0,0,0,0
6417FF52125A7DD2F3D34621B9F137E2,4,1,0,0,0,0,0,0,0,0,0
0BB41E84E7CA2345726AD8CE98B8736C,82,23,22,2,0,2,2,0,0,0,0
8C29BA8374994E38F3BDD89E97151F64,12,4,4,4,0,4,0,0,0,0,0
47F7713B7F3C4F3149A9200360757C6B,8,5,3,3,0,3,0,0,0,0,0
1A4EE714D85A8BF141A1D4F12AF5FF19,6,2,2,1,0,1,0,0,0,0,0
4EBC9E555CE3316055264858BF18DB51,23,1,0,0,0,4,2,0,0,0,2
252500B9002C17DA2D9A095309272A09,29,2,1,0,0,5,0,0,0,1,0
D6AE9E820354B2F2C1C3D94EF8958E58,6,0,0,0,0,1,0,0,0,0,0
9768367BE6132B5C5AD84DD63411E2E3,13,0,0,0,0,2,0,0,0,0,0
9A9023B132EB5D23ED8B335C90E7D28A,14,4,3,0,0,0,0,0,0,0,0
0A9710D5EF9520ED2030965DE41E7436,6,2,2,2,0,2,0,0,0,0,0
A0903E7042C13251799B68B16FD1EBA6,13,3,1,0,1,0,0,0,0,0,0
070A835F11ADED551236730DF1E902D0,13,0,0,0,0,3,0,0,0,0,0
FF5829CCC9DCE80240E620D7D66C709B,3,0,0,0,0,0,0,0,0,0,0
01A2CCF65B4BB5DF87B1F9177616C5AF,6,17,0,0,16,0,0,0,0,0,0
C0D247C7C087F68E0504E5B5E5BBFB11,3,0,0,0,0,0,0,0,0,0,0
5F99FAB2A6750F6391E248AF619389AA,7,15,0,0,14,0,0,0,0,0,0
4D6582BFA74C0705C44ED36CCB8CE527,59,1,0,0,0,0,0,0,0,0,0
F9B1FEA75B896DA727BC733173B19D60,36,0,0,0,0,14,0,0,0,1,0
BDCFD1F0FDE47E594874CA47CD49C303,9,2,1,0,0,0,0,0,0,0,0
CCC7BB053BBC6824C53FAA4A8C63E3FE,36,1,0,0,0,7,2,0,0,1,2
C4D21EF78D8A4B00805216847EBCAFBB,4,2,1,1,0,1,0,0,0,0,0
C3E3CDDD1E35362AA59854F8FA511BB0,48,5,4,0,0,8,0,0,0,1,0
108D09DB520942B16C86056E4F92D707,16,7,7,3,0,3,0,0,0,0,0
5A976ACE1440285CDDFF5377299D13D3,2,1,0,0,0,0,0,0,0,0,0
B711923F02FB2923F0A4DBC8CA2CE3AD,61,8,5,4,1,14,0,0,0,1,0
47641CFD956212B88DE89050A1218D3E,204,72,53,12,10,20,1,0,0,1,1
B36FAA12AF854F00E4EC23696D2786CC,7,2,1,0,0,0,1,0,0,0,1
32DEB1F24ABD2430CC3EB1A917D1DD77,4,1,1,1,0,1,0,0,0,0,0
96D78D93EA38723BCFD4AAAEE9DC6ACD,46,18,18,16,0,16,0,0,0,0,0
F73A0D4A6FB35C664DDAE0F4F145F8B0,119,36,16,3,7,7,0,0,0,0,0
E676E450E4EF9C561937FBB18A52C237,11,3,2,1,0,1,0,0,0,0,0
0B80FE0B9AF69F6B040D6F48FFEB8A8B,38,30,6,5,22,5,0,0,0,0,0
46CAF574E4F98302ED5E559FED2EA454,19,3,3,3,1,3,0,0,0,0,0
EDB3D96DF92A124162C4CB785E0DF7E7,14,0,0,0,0,5,0,0,0,1,0
7CE5EA721C3169E682540F2C897A3904,5,2,1,0,0,0,0,0,0,0,0
247B17FFC9A82C34B999CFBDA295584F,5,2,1,1,0,1,0,0,0,0,0
8DD47B40A0938BA8BD9FF0B34D83B28E,5,1,0,0,0,0,0,0,0,0,0
C8FE0FF40B0E8B2A614315C781EC7A27,2,0,0,0,0,0,0,0,0,0,0
278FA6F6853A97CCDDB1368234B5EF28,29,18,2,0,15,3,0,0,0,0,0
88DB9AF4706D8F888723DD8DD787C3B1,7,1,0,0,0,0,0,0,0,0,0
AD587C247A8FAB863F94BC683E6D0371,2,0,0,0,0,0,0,0,0,0,0
91F5161F80D1083CA7B37A08DEC9EC78,15,5,4,1,0,1,1,0,0,0,1
8CECF02FC87B0087044CA4E30B792B2B,24,5,4,0,0,1,0,0,0,0,0
108E5CF059588863B1EA7C31BFFF20AA,4,1,1,1,0,1,0,0,0,0,0
8F8C1962C9933DCE14D4E2D8146083AB,3,0,0,0,0,0,0,0,0,0,0
CB2B8078B183259199B64FF14A746474,1,0,0,0,0,0,0,0,0,0,0
546FA52DF4E990E49843A096C09AF917,6,3,0,0,2,0,0,0,0,0,0
2CD032CF59AC00628DA808E294B16AAB,5,0,0,0,0,0,0,0,0,0,0
96187B4A3DB3993F6DB3DE161DBC14FE,12,0,0,0,0,0,0,0,0,0,0
68449E80D3C79A07DAE06561D90F66F0,6,1,1,0,0,0,1,0,0,0,1
1F23CD3D03EC2DDF33981F9B3D9F6759,12,1,1,0,0,0,2,2,0,0,2
275C9CB01B23029FE668C1B5D9904205,24,1,0,0,0,0,0,0,0,0,0
1B215ABE590D61009E7030CB7A74441A,14,6,5,4,0,4,0,0,0,0,0
15F3961A71B162451E128C20412A3FC4,4,2,1,1,0,1,0,0,0,0,0
9B454A2CBF8F063C573353753AED590F,7,5,2,2,2,2,0,0,0,0,0
717C241B7FD6621D39EC38F2E9B06182,2,1,0,0,0,0,0,0,0,0,0
2EA94DDDD43475007E96771F57F9DB9B,6,0,0,0,0,0,0,0,0,0,0
E31617E878328B6183DE7A17DC743F16,4,2,0,0,1,0,0,0,0,0,0
008BB135FC4C954B73C042127F3BA0BA,7,3,2,1,0,1,0,0,0,0,0
2C61809CCDF53CF8521081F2DCC46172,7,2,0,0,0,0,0,0,0,0,0
925382A03DBEE09B642DEA5A4923984D,5,3,0,0,2,0,0,0,0,0,0
61595D7BF18C79E8D0B7CAF138705CCF,36,5,3,2,0,7,0,0,0,0,0
F9A2107A4FDE9317498A8448B47888B7,12,1,1,0,0,0,0,0,0,0,0
5553BDCD2D3CE31F0780E182E112ECB1,43,10,4,3,5,7,4,0,0,0,4
12C60B55FAED4052AB2825241E7770DE,18,6,5,2,0,2,0,0,0,0,0
1181F8E1F7926B07A503427D76E34082,1,0,0,0,0,0,0,0,0,0,0
45227965B5D93C9D6C1968100F8B10B6,13,4,0,0,2,0,0,0,0,0,0
674EAE8D70D203FEDBE60DEAE2F834CC,14,6,2,1,1,1,0,0,0,0,0
1F5867B99AD7126C7145C10C6A8E86C8,10,0,0,0,0,1,0,0,0,0,0
B4B344058D0734922CF28259E53FECDF,4,1,1,0,0,0,0,0,0,0,0
2E210FED3C2D3481DB4C2EC94057537A,2,1,0,0,0,0,0,0,0,0,0
B5D9D33C6434035B5605B75BBB5B8741,1,1,0,0,0,0,0,0,0,0,0
C06E0ED7E44A3F107B0318E89E3DC02A,2,1,0,0,0,0,0,0,0,0,0
B2DF8884B2085B1CC81A07A5EF1BA1F6,15,0,0,0,0,2,0,0,0,0,0
2A3F0A978F880738DDD3D50AEF546205,1,0,0,0,0,0,0,0,0,0,0
C98488BE01B56284ED203153E0E2F89A,6,2,1,1,0,1,0,0,0,0,0
C7A15D94F770315AB18AFF148EED4A93,7,2,2,0,0,0,0,0,0,0,0
AFEAE67E8EED1A3F43A669B7EFCBA05A,18,5,4,0,0,0,0,0,0,0,0
DC400E1B157258545CB288C8CA9265AF,3,1,0,0,0,0,0,0,0,0,0
34547B3F505B7598A528A9AB781D6EC5,1,0,0,0,0,0,0,0,0,0,0
6CC135C2403667F8114096D6C0854286,34,0,0,0,0,6,0,0,0,1,0
72D8B3CA09BF3FD0482700D18DAD4C67,18,8,5,3,2,3,0,0,0,0,0
DBC79D0BF93E33117736C28BEE64ADF5,6,1,0,0,0,0,0,0,0,0,0
FFFF9A8B436FAAA293AE33E8C6D3ED66,15,0,0,0,0,4,0,0,0,0,0
477FA30F5CCB727AB2E9DDA8E74DB00D,8,0,0,0,0,0,0,0,0,0,0
907A11022C3B534754C37212EFB94C07,3,2,0,0,1,0,0,0,0,0,0
899C748403903FE0ECBD0CCA5E56D0D3,44,9,7,3,1,3,4,1,0,0,0
0234C787A1360CF7EFCDCD15BA236C02,8,1,1,0,0,0,0,0,0,0,0
5235E3142FC9735A7F25A53C46540C0C,1,0,0,0,0,0,0,0,0,0,0
7EEE599EFC8A64702EFEE32EE92102BA,3,1,1,1,0,1,0,0,0,0,0
63454EAE5BDD4E7AA766014845F2000B,6,2,1,0,0,0,0,0,0,0,0
CBE46C4DA9660AFDEE8E0E78BAA4689F,1,0,0,0,0,0,0,0,0,0,0
114657EFF1B1073BA26682F85FDC4B8C,70,12,9,8,3,13,3,0,0,1,3
E0F27510B64D689AA8E5F4BE241792A4,126,42,43,7,0,7,0,0,0,0,0
2B3B13AC3C9E94B89E40BA8397EC38C1,37,7,5,3,1,3,1,0,0,0,1
09FC15B75E36120725A9C4E6CD2F136D,55,21,19,19,1,19,5,0,0,0,5
AA2AA0FC35015EE0124CCE4C6559F95B,4,0,0,0,0,1,0,0,0,0,0
F251EE0447AE2E6AC881320EBA43A5EE,1,0,0,0,0,0,0,0,0,0,0
6765178B5656222A7A81488977E68DCD,8,3,2,2,0,2,0,0,0,0,0
4CC453DA57531954D7C053B93A20B5D0,134,0,0,0,0,17,0,0,0,1,0
340099DA76E24BBEDF0F519116229E25,9,2,1,0,0,0,0,0,0,0,0
769769DCAA6DF033532C29C9C424E132,1,0,0,0,0,0,0,0,0,0,0
CFA741BB81765E66DC761EBD78D41B96,8,0,0,0,0,0,0,0,0,0,0
6478069CD8A395DE1A022DD9BFD58752,3,1,1,1,0,1,0,0,0,0,0
973CF88EB3D0546B01FF74D5C60ADFCA,21,5,5,1,2,1,0,0,0,0,0
BF31B08276AE9303402C8B21F6A93842,8,2,2,1,0,1,0,0,0,0,0
AE5D53D224F0FA50233F5E223D08CA50,4,0,0,0,0,1,0,0,0,0,0
86C0A7CE29E087F5ED9538D2C2B77EBD,3,0,0,0,0,0,0,0,0,0,0
BC523DF620F11DBA8353917882C0745B,10,2,0,0,0,0,0,0,0,0,0
2661493D2DD9509833AFFADC58F65ED9,9,2,3,0,0,2,0,0,0,0,0
0062A13D0A8F979CA189A5688BE75514,9,2,0,0,1,0,0,0,0,0,0
8203F492EE32192EA37B224B66C6958F,7,2,1,1,0,1,0,0,0,0,0
0E5DAB111CB3C0001C0019712A83CB49,28,1,0,0,0,4,1,0,0,0,1
D6C1D0BBAD200F748779CCBB94814770,1,0,0,0,0,0,0,0,0,0,0
47FFEFAC7F5218B6AEC9B40FBE508617,25,12,5,5,6,5,0,0,0,0,0
915283C2BCF30F60C78E1B0791E47FA8,3,1,0,0,0,0,0,0,0,0,0
622FA3C49F915DFCFA3E0790EBEA2100,35,10,5,2,2,2,4,0,0,0,4
31D5069785D55AD5A7059983946A8959,2,0,0,0,0,0,0,0,0,0,0
40BAB621C89960CA0D6A7F0B118FB3BF,8,3,2,0,0,0,0,0,0,0,0
ADA1DD1FDD0F4D98B700AF20A9BC66C3,1,0,0,0,0,0,0,0,0,0,0
40F2087822D412D2D481AF043DC7DAB4,7,2,0,0,1,0,0,0,0,0,0
520E75BEB73E4803B2EF7667615D0C8E,3,1,0,0,0,0,0,0,0,0,0
751F059E1E4E3647C4E502FB7C51F462,160,102,67,67,32,67,1,0,0,0,1
0B87394247488FE097BA547BCAC20AA0,20,7,6,2,1,2,1,0,0,0,0
874E14DBEA3F80EADC1AB31280CC69F5,3,1,0,0,0,0,0,0,0,0,0
28D0CA3AF8843351D0A16AAE1E1F7794,3,1,0,0,0,0,0,0,0,0,0
20E588F3F11F528ADD0B62CA75970AFE,7,1,1,1,0,1,0,0,0,0,0
9BFA45225ECA7CD4D2A9F956B875CF85,54,24,8,1,13,3,2,0,3,0,2
2979FB9644D97360A8278692D8F834F5,18,3,2,0,0,0,3,0,0,0,3
46126D2798E42A3DC3A0F1AF24BD2555,10,0,0,0,0,3,0,0,0,0,0
61FA7C39E5BE53C3EE5ABFBFEEE0498E,2,0,0,0,0,0,0,0,0,0,0
62049EEF43F63FD643CA30E55F1544BD,4,0,0,0,0,1,0,0,0,0,0
11AC0DA8BADF34DCB5E376A418F40768,4,1,0,0,0,0,0,0,0,0,0
7A6A445D9E869BA79B7C1E89FE6FF557,4,1,0,0,0,0,0,0,0,0,0
DCE678124B6F7B9F35BEAD1882180A68,10,0,0,0,0,2,0,0,0,0,0
54702FC6D2394F7F125719D6BB2651C4,1,0,0,0,0,0,0,0,0,0,0
C96F1CB586725A7D165BCF665C131114,25,5,3,3,2,4,0,0,0,0,0
AE0411EC55F2110C13B66F25B7EFBF6B,16,4,1,0,2,0,5,0,0,0,5
4FAE9F054706890DC522E924EBF17286,173,68,66,32,2,32,0,0,0,0,0
1A34269052225805BDB10AE343A6DD29,3,1,1,1,0,1,0,0,0,0,0
73620D48790A48C1C43E7BB765A7E741,4,2,1,1,0,1,0,0,0,0,0
DC8F11F217104C5DD43E99C36899D17A,58,21,20,16,0,16,0,0,0,0,0
3CC6A2DFA7538BA4748CC3B061D0C59A,15,6,4,2,1,2,0,0,0,0,0
9E394463CCFC516DC905A215D69ADCA8,34,12,12,4,0,4,0,0,0,0,0
A6630A673F6F8E75C960488B402BDA5A,3,1,1,1,0,1,0,0,0,0,0
9664FAE9A17FD550BE78549EEA2773AC,54,8,2,1,3,6,2,0,1,1,2
DB836EF3FD49715FF6C1A62E5C445EC2,11,4,3,3,0,3,0,0,0,0,0
AD540E549BA77A71A7459EEAF2F8D3BC,24,3,2,1,0,4,1,0,0,0,0
0808B3380E616BDF15E6F2FBAF38147F,20,7,6,2,0,2,0,0,0,0,0
6E9C94A5D1BC5FB4380EA3C5D260FCAE,7,0,0,0,0,1,0,0,0,0,0
8984ABEF079304EFD2A1E8CDBB8D55A2,12,6,1,0,3,0,1,0,0,0,1
AAECE8DA46F021A9CFE489ADF95DA078,27,0,0,0,0,6,0,0,0,1,0
A6C864A0129215BA46A379D6EECB3738,1,0,0,0,0,0,0,0,0,0,0
657E8EB68545E75A6EAD9B6A11C2E773,14,2,1,0,0,0,1,0,0,0,1
676D390F2BEE51F6EC40C81D19C6FBC3,2,0,0,0,0,0,0,0,0,0,0
74CE0B2D3F78299DAFFB56CA001B7BC5,50,3,3,0,0,3,0,0,0,0,0
6FC11768E2D8132D0EBD54B823E26DC4,7,5,0,0,4,0,0,0,0,0,0